2025-04-20T17:16:28.538-04:00  INFO 7900 --- [backend] [main] com.duoc.backend.BackendApplication      : Starting BackendApplication using Java 17.0.7 with PID 7900 (/Users/aldoosorio/Downloads/Semana2-CDY2203-main-2/target/classes started by aldoosorio in /Users/aldoosorio/Downloads/Semana2-CDY2203-main-2)
2025-04-20T17:16:28.542-04:00 DEBUG 7900 --- [backend] [main] com.duoc.backend.BackendApplication      : Running with Spring Boot v3.4.4, Spring v6.2.5
2025-04-20T17:16:28.542-04:00  INFO 7900 --- [backend] [main] com.duoc.backend.BackendApplication      : No active profile set, falling back to 1 default profile: "default"
2025-04-20T17:16:28.907-04:00  INFO 7900 --- [backend] [main] .s.d.r.c.RepositoryConfigurationDelegate : Bootstrapping Spring Data JPA repositories in DEFAULT mode.
2025-04-20T17:16:28.944-04:00  INFO 7900 --- [backend] [main] .s.d.r.c.RepositoryConfigurationDelegate : Finished Spring Data repository scanning in 32 ms. Found 6 JPA repository interfaces.
2025-04-20T17:16:29.230-04:00  INFO 7900 --- [backend] [main] o.s.b.w.embedded.tomcat.TomcatWebServer  : Tomcat initialized with port 8180 (http)
2025-04-20T17:16:29.238-04:00  INFO 7900 --- [backend] [main] o.apache.catalina.core.StandardService   : Starting service [Tomcat]
2025-04-20T17:16:29.238-04:00  INFO 7900 --- [backend] [main] o.apache.catalina.core.StandardEngine    : Starting Servlet engine: [Apache Tomcat/10.1.39]
2025-04-20T17:16:29.281-04:00  INFO 7900 --- [backend] [main] o.a.c.c.C.[Tomcat].[localhost].[/]       : Initializing Spring embedded WebApplicationContext
2025-04-20T17:16:29.281-04:00  INFO 7900 --- [backend] [main] w.s.c.ServletWebServerApplicationContext : Root WebApplicationContext: initialization completed in 703 ms
2025-04-20T17:16:29.312-04:00 DEBUG 7900 --- [backend] [main] c.duoc.backend.JWTAuthorizationFilter    : Filter 'JWTAuthorizationFilter' configured for use
2025-04-20T17:16:29.323-04:00 DEBUG 7900 --- [backend] [main] com.zaxxer.hikari.HikariConfig           : Driver class com.mysql.cj.jdbc.Driver found in Thread context class loader jdk.internal.loader.ClassLoaders$AppClassLoader@42110406
2025-04-20T17:16:29.375-04:00 DEBUG 7900 --- [backend] [main] o.hibernate.jpa.internal.util.LogHelper  : PersistenceUnitInfo [
	name: default
	persistence provider classname: null
	classloader: jdk.internal.loader.ClassLoaders$AppClassLoader@42110406
	excludeUnlistedClasses: true
	JTA datasource: null
	Non JTA datasource: HikariDataSource (null)
	Transaction type: RESOURCE_LOCAL
	PU root URL: file:/Users/aldoosorio/Downloads/Semana2-CDY2203-main-2/target/classes/
	Shared Cache Mode: UNSPECIFIED
	Validation Mode: AUTO
	Jar files URLs []
	Managed classes names [
		com.duoc.backend.Appointment.Appointment
		com.duoc.backend.Care.Care
		com.duoc.backend.Invoice.Invoice
		com.duoc.backend.Medication.Medication
		com.duoc.backend.Patient.Patient
		com.duoc.backend.user.User]
	Mapping files names []
	Properties []
2025-04-20T17:16:29.378-04:00 DEBUG 7900 --- [backend] [main] o.h.i.internal.IntegratorServiceImpl     : Adding Integrator [org.hibernate.boot.beanvalidation.BeanValidationIntegrator].
2025-04-20T17:16:29.379-04:00 DEBUG 7900 --- [backend] [main] o.h.i.internal.IntegratorServiceImpl     : Adding Integrator [org.hibernate.cache.internal.CollectionCacheInvalidator].
2025-04-20T17:16:29.384-04:00 TRACE 7900 --- [backend] [main] o.h.b.r.s.internal.StrategySelectorImpl  : Registering named strategy selector [org.hibernate.resource.transaction.spi.TransactionCoordinatorBuilder] : [jdbc] -> [org.hibernate.resource.transaction.backend.jdbc.internal.JdbcResourceLocalTransactionCoordinatorBuilderImpl]
2025-04-20T17:16:29.385-04:00 TRACE 7900 --- [backend] [main] o.h.b.r.s.internal.StrategySelectorImpl  : Registering named strategy selector [org.hibernate.resource.transaction.spi.TransactionCoordinatorBuilder] : [jta] -> [org.hibernate.resource.transaction.backend.jta.internal.JtaTransactionCoordinatorBuilderImpl]
2025-04-20T17:16:29.385-04:00 TRACE 7900 --- [backend] [main] o.h.b.r.s.internal.StrategySelectorImpl  : Registering named strategy selector [org.hibernate.resource.transaction.spi.TransactionCoordinatorBuilder] : [org.hibernate.transaction.JDBCTransactionFactory] -> [org.hibernate.resource.transaction.backend.jdbc.internal.JdbcResourceLocalTransactionCoordinatorBuilderImpl]
2025-04-20T17:16:29.385-04:00 TRACE 7900 --- [backend] [main] o.h.b.r.s.internal.StrategySelectorImpl  : Registering named strategy selector [org.hibernate.resource.transaction.spi.TransactionCoordinatorBuilder] : [org.hibernate.transaction.JTATransactionFactory] -> [org.hibernate.resource.transaction.backend.jta.internal.JtaTransactionCoordinatorBuilderImpl]
2025-04-20T17:16:29.385-04:00 TRACE 7900 --- [backend] [main] o.h.b.r.s.internal.StrategySelectorImpl  : Registering named strategy selector [org.hibernate.resource.transaction.spi.TransactionCoordinatorBuilder] : [org.hibernate.transaction.CMTTransactionFactory] -> [org.hibernate.resource.transaction.backend.jta.internal.JtaTransactionCoordinatorBuilderImpl]
2025-04-20T17:16:29.385-04:00 TRACE 7900 --- [backend] [main] o.h.b.r.s.internal.StrategySelectorImpl  : Registering named strategy selector [org.hibernate.query.sqm.mutation.spi.SqmMultiTableInsertStrategy] : [cte] -> [org.hibernate.query.sqm.mutation.internal.cte.CteInsertStrategy]
2025-04-20T17:16:29.386-04:00 TRACE 7900 --- [backend] [main] o.h.b.r.s.internal.StrategySelectorImpl  : Registering named strategy selector [org.hibernate.query.sqm.mutation.spi.SqmMultiTableInsertStrategy] : [global_temporary] -> [org.hibernate.query.sqm.mutation.internal.temptable.GlobalTemporaryTableInsertStrategy]
2025-04-20T17:16:29.386-04:00 TRACE 7900 --- [backend] [main] o.h.b.r.s.internal.StrategySelectorImpl  : Registering named strategy selector [org.hibernate.query.sqm.mutation.spi.SqmMultiTableInsertStrategy] : [local_temporary] -> [org.hibernate.query.sqm.mutation.internal.temptable.LocalTemporaryTableInsertStrategy]
2025-04-20T17:16:29.386-04:00 TRACE 7900 --- [backend] [main] o.h.b.r.s.internal.StrategySelectorImpl  : Registering named strategy selector [org.hibernate.query.sqm.mutation.spi.SqmMultiTableInsertStrategy] : [persistent] -> [org.hibernate.query.sqm.mutation.internal.temptable.PersistentTableInsertStrategy]
2025-04-20T17:16:29.387-04:00 TRACE 7900 --- [backend] [main] o.h.b.r.s.internal.StrategySelectorImpl  : Registering named strategy selector [org.hibernate.query.sqm.mutation.spi.SqmMultiTableMutationStrategy] : [cte] -> [org.hibernate.query.sqm.mutation.internal.cte.CteMutationStrategy]
2025-04-20T17:16:29.387-04:00 TRACE 7900 --- [backend] [main] o.h.b.r.s.internal.StrategySelectorImpl  : Registering named strategy selector [org.hibernate.query.sqm.mutation.spi.SqmMultiTableMutationStrategy] : [global_temporary] -> [org.hibernate.query.sqm.mutation.internal.temptable.GlobalTemporaryTableMutationStrategy]
2025-04-20T17:16:29.387-04:00 TRACE 7900 --- [backend] [main] o.h.b.r.s.internal.StrategySelectorImpl  : Registering named strategy selector [org.hibernate.query.sqm.mutation.spi.SqmMultiTableMutationStrategy] : [local_temporary] -> [org.hibernate.query.sqm.mutation.internal.temptable.LocalTemporaryTableMutationStrategy]
2025-04-20T17:16:29.387-04:00 TRACE 7900 --- [backend] [main] o.h.b.r.s.internal.StrategySelectorImpl  : Registering named strategy selector [org.hibernate.query.sqm.mutation.spi.SqmMultiTableMutationStrategy] : [persistent] -> [org.hibernate.query.sqm.mutation.internal.temptable.PersistentTableMutationStrategy]
2025-04-20T17:16:29.387-04:00 TRACE 7900 --- [backend] [main] o.h.b.r.s.internal.StrategySelectorImpl  : Registering named strategy selector [org.hibernate.boot.model.naming.ImplicitNamingStrategy] : [default] -> [org.hibernate.boot.model.naming.ImplicitNamingStrategyJpaCompliantImpl]
2025-04-20T17:16:29.387-04:00 TRACE 7900 --- [backend] [main] o.h.b.r.s.internal.StrategySelectorImpl  : Registering named strategy selector [org.hibernate.boot.model.naming.ImplicitNamingStrategy] : [jpa] -> [org.hibernate.boot.model.naming.ImplicitNamingStrategyJpaCompliantImpl]
2025-04-20T17:16:29.388-04:00 TRACE 7900 --- [backend] [main] o.h.b.r.s.internal.StrategySelectorImpl  : Registering named strategy selector [org.hibernate.boot.model.naming.ImplicitNamingStrategy] : [legacy-jpa] -> [org.hibernate.boot.model.naming.ImplicitNamingStrategyLegacyJpaImpl]
2025-04-20T17:16:29.388-04:00 TRACE 7900 --- [backend] [main] o.h.b.r.s.internal.StrategySelectorImpl  : Registering named strategy selector [org.hibernate.boot.model.naming.ImplicitNamingStrategy] : [legacy-hbm] -> [org.hibernate.boot.model.naming.ImplicitNamingStrategyLegacyHbmImpl]
2025-04-20T17:16:29.388-04:00 TRACE 7900 --- [backend] [main] o.h.b.r.s.internal.StrategySelectorImpl  : Registering named strategy selector [org.hibernate.boot.model.naming.ImplicitNamingStrategy] : [component-path] -> [org.hibernate.boot.model.naming.ImplicitNamingStrategyComponentPathImpl]
2025-04-20T17:16:29.389-04:00 TRACE 7900 --- [backend] [main] o.h.b.r.s.internal.StrategySelectorImpl  : Registering named strategy selector [org.hibernate.id.enhanced.ImplicitDatabaseObjectNamingStrategy] : [standard] -> [org.hibernate.id.enhanced.StandardNamingStrategy]
2025-04-20T17:16:29.389-04:00 TRACE 7900 --- [backend] [main] o.h.b.r.s.internal.StrategySelectorImpl  : Registering named strategy selector [org.hibernate.id.enhanced.ImplicitDatabaseObjectNamingStrategy] : [single] -> [org.hibernate.id.enhanced.SingleNamingStrategy]
2025-04-20T17:16:29.389-04:00 TRACE 7900 --- [backend] [main] o.h.b.r.s.internal.StrategySelectorImpl  : Registering named strategy selector [org.hibernate.id.enhanced.ImplicitDatabaseObjectNamingStrategy] : [legacy] -> [org.hibernate.id.enhanced.LegacyNamingStrategy]
2025-04-20T17:16:29.390-04:00 TRACE 7900 --- [backend] [main] o.h.b.r.s.internal.StrategySelectorImpl  : Registering named strategy selector [org.hibernate.boot.model.relational.ColumnOrderingStrategy] : [default] -> [org.hibernate.boot.model.relational.ColumnOrderingStrategyStandard]
2025-04-20T17:16:29.391-04:00 TRACE 7900 --- [backend] [main] o.h.b.r.s.internal.StrategySelectorImpl  : Registering named strategy selector [org.hibernate.boot.model.relational.ColumnOrderingStrategy] : [legacy] -> [org.hibernate.boot.model.relational.ColumnOrderingStrategyLegacy]
2025-04-20T17:16:29.391-04:00 TRACE 7900 --- [backend] [main] o.h.b.r.s.internal.StrategySelectorImpl  : Registering named strategy selector [org.hibernate.cache.spi.CacheKeysFactory] : [default] -> [org.hibernate.cache.internal.DefaultCacheKeysFactory]
2025-04-20T17:16:29.392-04:00 TRACE 7900 --- [backend] [main] o.h.b.r.s.internal.StrategySelectorImpl  : Registering named strategy selector [org.hibernate.cache.spi.CacheKeysFactory] : [simple] -> [org.hibernate.cache.internal.SimpleCacheKeysFactory]
2025-04-20T17:16:29.392-04:00 TRACE 7900 --- [backend] [main] o.h.b.r.s.internal.StrategySelectorImpl  : Registering named strategy selector [org.hibernate.type.format.FormatMapper] : [jackson] -> [org.hibernate.type.format.jackson.JacksonJsonFormatMapper]
2025-04-20T17:16:29.392-04:00 TRACE 7900 --- [backend] [main] o.h.b.r.s.internal.StrategySelectorImpl  : Registering named strategy selector [org.hibernate.type.format.FormatMapper] : [jsonb] -> [org.hibernate.type.format.jakartajson.JsonBJsonFormatMapper]
2025-04-20T17:16:29.392-04:00 TRACE 7900 --- [backend] [main] o.h.b.r.s.internal.StrategySelectorImpl  : Registering named strategy selector [org.hibernate.type.format.FormatMapper] : [jackson-xml] -> [org.hibernate.type.format.jackson.JacksonXmlFormatMapper]
2025-04-20T17:16:29.393-04:00 TRACE 7900 --- [backend] [main] o.h.b.r.s.internal.StrategySelectorImpl  : Registering named strategy selector [org.hibernate.type.format.FormatMapper] : [jaxb] -> [org.hibernate.type.format.jaxb.JaxbXmlFormatMapper]
2025-04-20T17:16:29.409-04:00  INFO 7900 --- [backend] [main] org.hibernate.Version                    : HHH000412: Hibernate ORM core version 6.6.11.Final
2025-04-20T17:16:29.409-04:00 DEBUG 7900 --- [backend] [main] org.hibernate.cfg.Environment            : HHH000206: 'hibernate.properties' not found
2025-04-20T17:16:29.418-04:00 TRACE 7900 --- [backend] [main] o.h.s.i.AbstractServiceRegistryImpl      : Initializing service [role=org.hibernate.id.factory.IdentifierGeneratorFactory]
2025-04-20T17:16:29.419-04:00 TRACE 7900 --- [backend] [main] o.h.s.i.AbstractServiceRegistryImpl      : Initializing service [role=org.hibernate.engine.config.spi.ConfigurationService]
2025-04-20T17:16:29.420-04:00 TRACE 7900 --- [backend] [main] o.h.s.i.AbstractServiceRegistryImpl      : Initializing service [role=org.hibernate.resource.beans.spi.ManagedBeanRegistry]
2025-04-20T17:16:29.422-04:00 DEBUG 7900 --- [backend] [main] org.hibernate.orm.idgen.factory          : Registering IdentifierGenerator strategy [uuid2] -> [org.hibernate.id.UUIDGenerator]
2025-04-20T17:16:29.423-04:00 DEBUG 7900 --- [backend] [main] org.hibernate.orm.idgen.factory          : Registering IdentifierGenerator strategy [guid] -> [org.hibernate.id.GUIDGenerator]
2025-04-20T17:16:29.423-04:00 DEBUG 7900 --- [backend] [main] org.hibernate.orm.idgen.factory          : Registering IdentifierGenerator strategy [uuid] -> [org.hibernate.id.UUIDHexGenerator]
2025-04-20T17:16:29.423-04:00 DEBUG 7900 --- [backend] [main] org.hibernate.orm.idgen.factory          : Registering IdentifierGenerator strategy [uuid.hex] -> [org.hibernate.id.UUIDHexGenerator]
2025-04-20T17:16:29.423-04:00 DEBUG 7900 --- [backend] [main] org.hibernate.orm.idgen.factory          : Registering IdentifierGenerator strategy [assigned] -> [org.hibernate.id.Assigned]
2025-04-20T17:16:29.424-04:00 DEBUG 7900 --- [backend] [main] org.hibernate.orm.idgen.factory          : Registering IdentifierGenerator strategy [identity] -> [org.hibernate.id.IdentityGenerator]
2025-04-20T17:16:29.424-04:00 DEBUG 7900 --- [backend] [main] org.hibernate.orm.idgen.factory          : Registering IdentifierGenerator strategy [select] -> [org.hibernate.id.SelectGenerator]
2025-04-20T17:16:29.424-04:00 DEBUG 7900 --- [backend] [main] org.hibernate.orm.idgen.factory          : Registering IdentifierGenerator strategy [sequence] -> [org.hibernate.id.enhanced.SequenceStyleGenerator]
2025-04-20T17:16:29.425-04:00 DEBUG 7900 --- [backend] [main] org.hibernate.orm.idgen.factory          : Registering IdentifierGenerator strategy [increment] -> [org.hibernate.id.IncrementGenerator]
2025-04-20T17:16:29.425-04:00 DEBUG 7900 --- [backend] [main] org.hibernate.orm.idgen.factory          : Registering IdentifierGenerator strategy [foreign] -> [org.hibernate.id.ForeignGenerator]
2025-04-20T17:16:29.425-04:00 DEBUG 7900 --- [backend] [main] org.hibernate.orm.idgen.factory          : Registering IdentifierGenerator strategy [enhanced-sequence] -> [org.hibernate.id.enhanced.SequenceStyleGenerator]
2025-04-20T17:16:29.425-04:00 DEBUG 7900 --- [backend] [main] org.hibernate.orm.idgen.factory          : Registering IdentifierGenerator strategy [enhanced-table] -> [org.hibernate.id.enhanced.TableGenerator]
2025-04-20T17:16:29.428-04:00 TRACE 7900 --- [backend] [main] o.h.s.i.AbstractServiceRegistryImpl      : Initializing service [role=org.hibernate.engine.jdbc.connections.spi.MultiTenantConnectionProvider]
2025-04-20T17:16:29.429-04:00 TRACE 7900 --- [backend] [main] o.h.s.i.AbstractServiceRegistryImpl      : Initializing service [role=org.hibernate.cache.spi.RegionFactory]
2025-04-20T17:16:29.430-04:00 DEBUG 7900 --- [backend] [main] o.h.c.internal.RegionFactoryInitiator    : Cannot default RegionFactory based on registered strategies as `[]` RegionFactory strategies were registered
2025-04-20T17:16:29.431-04:00  INFO 7900 --- [backend] [main] o.h.c.internal.RegionFactoryInitiator    : HHH000026: Second-level cache disabled
2025-04-20T17:16:29.466-04:00 DEBUG 7900 --- [backend] [main] org.hibernate.type.BasicTypeRegistry     : Adding type registration boolean -> org.hibernate.type.BasicTypeReference@17ec335a
2025-04-20T17:16:29.466-04:00 DEBUG 7900 --- [backend] [main] org.hibernate.type.BasicTypeRegistry     : Adding type registration boolean -> org.hibernate.type.BasicTypeReference@17ec335a
2025-04-20T17:16:29.466-04:00 DEBUG 7900 --- [backend] [main] org.hibernate.type.BasicTypeRegistry     : Adding type registration java.lang.Boolean -> org.hibernate.type.BasicTypeReference@17ec335a
2025-04-20T17:16:29.466-04:00 DEBUG 7900 --- [backend] [main] org.hibernate.type.BasicTypeRegistry     : Adding type registration numeric_boolean -> org.hibernate.type.BasicTypeReference@284990de
2025-04-20T17:16:29.467-04:00 DEBUG 7900 --- [backend] [main] org.hibernate.type.BasicTypeRegistry     : Adding type registration org.hibernate.type.NumericBooleanConverter -> org.hibernate.type.BasicTypeReference@284990de
2025-04-20T17:16:29.467-04:00 DEBUG 7900 --- [backend] [main] org.hibernate.type.BasicTypeRegistry     : Adding type registration true_false -> org.hibernate.type.BasicTypeReference@565d7d2f
2025-04-20T17:16:29.467-04:00 DEBUG 7900 --- [backend] [main] org.hibernate.type.BasicTypeRegistry     : Adding type registration org.hibernate.type.TrueFalseConverter -> org.hibernate.type.BasicTypeReference@565d7d2f
2025-04-20T17:16:29.467-04:00 DEBUG 7900 --- [backend] [main] org.hibernate.type.BasicTypeRegistry     : Adding type registration yes_no -> org.hibernate.type.BasicTypeReference@6aea99e7
2025-04-20T17:16:29.467-04:00 DEBUG 7900 --- [backend] [main] org.hibernate.type.BasicTypeRegistry     : Adding type registration org.hibernate.type.YesNoConverter -> org.hibernate.type.BasicTypeReference@6aea99e7
2025-04-20T17:16:29.467-04:00 DEBUG 7900 --- [backend] [main] org.hibernate.type.BasicTypeRegistry     : Adding type registration byte -> org.hibernate.type.BasicTypeReference@1c6a0103
2025-04-20T17:16:29.467-04:00 DEBUG 7900 --- [backend] [main] org.hibernate.type.BasicTypeRegistry     : Adding type registration byte -> org.hibernate.type.BasicTypeReference@1c6a0103
2025-04-20T17:16:29.467-04:00 DEBUG 7900 --- [backend] [main] org.hibernate.type.BasicTypeRegistry     : Adding type registration java.lang.Byte -> org.hibernate.type.BasicTypeReference@1c6a0103
2025-04-20T17:16:29.467-04:00 DEBUG 7900 --- [backend] [main] org.hibernate.type.BasicTypeRegistry     : Adding type registration binary -> org.hibernate.type.BasicTypeReference@7841bd30
2025-04-20T17:16:29.467-04:00 DEBUG 7900 --- [backend] [main] org.hibernate.type.BasicTypeRegistry     : Adding type registration byte[] -> org.hibernate.type.BasicTypeReference@7841bd30
2025-04-20T17:16:29.467-04:00 DEBUG 7900 --- [backend] [main] org.hibernate.type.BasicTypeRegistry     : Adding type registration [B -> org.hibernate.type.BasicTypeReference@7841bd30
2025-04-20T17:16:29.467-04:00 DEBUG 7900 --- [backend] [main] org.hibernate.type.BasicTypeRegistry     : Adding type registration binary_wrapper -> org.hibernate.type.BasicTypeReference@45c80312
2025-04-20T17:16:29.467-04:00 DEBUG 7900 --- [backend] [main] org.hibernate.type.BasicTypeRegistry     : Adding type registration wrapper-binary -> org.hibernate.type.BasicTypeReference@45c80312
2025-04-20T17:16:29.467-04:00 DEBUG 7900 --- [backend] [main] org.hibernate.type.BasicTypeRegistry     : Adding type registration image -> org.hibernate.type.BasicTypeReference@7bd38fed
2025-04-20T17:16:29.467-04:00 DEBUG 7900 --- [backend] [main] org.hibernate.type.BasicTypeRegistry     : Adding type registration blob -> org.hibernate.type.BasicTypeReference@377dfb8d
2025-04-20T17:16:29.467-04:00 DEBUG 7900 --- [backend] [main] org.hibernate.type.BasicTypeRegistry     : Adding type registration java.sql.Blob -> org.hibernate.type.BasicTypeReference@377dfb8d
2025-04-20T17:16:29.467-04:00 DEBUG 7900 --- [backend] [main] org.hibernate.type.BasicTypeRegistry     : Adding type registration materialized_blob -> org.hibernate.type.BasicTypeReference@42a0786f
2025-04-20T17:16:29.467-04:00 DEBUG 7900 --- [backend] [main] org.hibernate.type.BasicTypeRegistry     : Adding type registration materialized_blob_wrapper -> org.hibernate.type.BasicTypeReference@477523ba
2025-04-20T17:16:29.467-04:00 DEBUG 7900 --- [backend] [main] org.hibernate.type.BasicTypeRegistry     : Adding type registration short -> org.hibernate.type.BasicTypeReference@203e705e
2025-04-20T17:16:29.467-04:00 DEBUG 7900 --- [backend] [main] org.hibernate.type.BasicTypeRegistry     : Adding type registration short -> org.hibernate.type.BasicTypeReference@203e705e
2025-04-20T17:16:29.467-04:00 DEBUG 7900 --- [backend] [main] org.hibernate.type.BasicTypeRegistry     : Adding type registration java.lang.Short -> org.hibernate.type.BasicTypeReference@203e705e
2025-04-20T17:16:29.467-04:00 DEBUG 7900 --- [backend] [main] org.hibernate.type.BasicTypeRegistry     : Adding type registration integer -> org.hibernate.type.BasicTypeReference@78c74647
2025-04-20T17:16:29.467-04:00 DEBUG 7900 --- [backend] [main] org.hibernate.type.BasicTypeRegistry     : Adding type registration int -> org.hibernate.type.BasicTypeReference@78c74647
2025-04-20T17:16:29.467-04:00 DEBUG 7900 --- [backend] [main] org.hibernate.type.BasicTypeRegistry     : Adding type registration java.lang.Integer -> org.hibernate.type.BasicTypeReference@78c74647
2025-04-20T17:16:29.467-04:00 DEBUG 7900 --- [backend] [main] org.hibernate.type.BasicTypeRegistry     : Adding type registration long -> org.hibernate.type.BasicTypeReference@39652a30
2025-04-20T17:16:29.467-04:00 DEBUG 7900 --- [backend] [main] org.hibernate.type.BasicTypeRegistry     : Adding type registration long -> org.hibernate.type.BasicTypeReference@39652a30
2025-04-20T17:16:29.467-04:00 DEBUG 7900 --- [backend] [main] org.hibernate.type.BasicTypeRegistry     : Adding type registration java.lang.Long -> org.hibernate.type.BasicTypeReference@39652a30
2025-04-20T17:16:29.468-04:00 DEBUG 7900 --- [backend] [main] org.hibernate.type.BasicTypeRegistry     : Adding type registration float -> org.hibernate.type.BasicTypeReference@5763a655
2025-04-20T17:16:29.468-04:00 DEBUG 7900 --- [backend] [main] org.hibernate.type.BasicTypeRegistry     : Adding type registration float -> org.hibernate.type.BasicTypeReference@5763a655
2025-04-20T17:16:29.468-04:00 DEBUG 7900 --- [backend] [main] org.hibernate.type.BasicTypeRegistry     : Adding type registration java.lang.Float -> org.hibernate.type.BasicTypeReference@5763a655
2025-04-20T17:16:29.468-04:00 DEBUG 7900 --- [backend] [main] org.hibernate.type.BasicTypeRegistry     : Adding type registration double -> org.hibernate.type.BasicTypeReference@40c8067
2025-04-20T17:16:29.468-04:00 DEBUG 7900 --- [backend] [main] org.hibernate.type.BasicTypeRegistry     : Adding type registration double -> org.hibernate.type.BasicTypeReference@40c8067
2025-04-20T17:16:29.468-04:00 DEBUG 7900 --- [backend] [main] org.hibernate.type.BasicTypeRegistry     : Adding type registration java.lang.Double -> org.hibernate.type.BasicTypeReference@40c8067
2025-04-20T17:16:29.468-04:00 DEBUG 7900 --- [backend] [main] org.hibernate.type.BasicTypeRegistry     : Adding type registration big_integer -> org.hibernate.type.BasicTypeReference@46bb0bdf
2025-04-20T17:16:29.468-04:00 DEBUG 7900 --- [backend] [main] org.hibernate.type.BasicTypeRegistry     : Adding type registration java.math.BigInteger -> org.hibernate.type.BasicTypeReference@46bb0bdf
2025-04-20T17:16:29.468-04:00 DEBUG 7900 --- [backend] [main] org.hibernate.type.BasicTypeRegistry     : Adding type registration big_decimal -> org.hibernate.type.BasicTypeReference@561f9d92
2025-04-20T17:16:29.468-04:00 DEBUG 7900 --- [backend] [main] org.hibernate.type.BasicTypeRegistry     : Adding type registration java.math.BigDecimal -> org.hibernate.type.BasicTypeReference@561f9d92
2025-04-20T17:16:29.468-04:00 DEBUG 7900 --- [backend] [main] org.hibernate.type.BasicTypeRegistry     : Adding type registration character -> org.hibernate.type.BasicTypeReference@1c84d80a
2025-04-20T17:16:29.468-04:00 DEBUG 7900 --- [backend] [main] org.hibernate.type.BasicTypeRegistry     : Adding type registration char -> org.hibernate.type.BasicTypeReference@1c84d80a
2025-04-20T17:16:29.468-04:00 DEBUG 7900 --- [backend] [main] org.hibernate.type.BasicTypeRegistry     : Adding type registration java.lang.Character -> org.hibernate.type.BasicTypeReference@1c84d80a
2025-04-20T17:16:29.468-04:00 DEBUG 7900 --- [backend] [main] org.hibernate.type.BasicTypeRegistry     : Adding type registration character_nchar -> org.hibernate.type.BasicTypeReference@7ceb6c45
2025-04-20T17:16:29.468-04:00 DEBUG 7900 --- [backend] [main] org.hibernate.type.BasicTypeRegistry     : Adding type registration string -> org.hibernate.type.BasicTypeReference@629075f4
2025-04-20T17:16:29.468-04:00 DEBUG 7900 --- [backend] [main] org.hibernate.type.BasicTypeRegistry     : Adding type registration java.lang.String -> org.hibernate.type.BasicTypeReference@629075f4
2025-04-20T17:16:29.468-04:00 DEBUG 7900 --- [backend] [main] org.hibernate.type.BasicTypeRegistry     : Adding type registration nstring -> org.hibernate.type.BasicTypeReference@48499739
2025-04-20T17:16:29.468-04:00 DEBUG 7900 --- [backend] [main] org.hibernate.type.BasicTypeRegistry     : Adding type registration characters -> org.hibernate.type.BasicTypeReference@723742b2
2025-04-20T17:16:29.468-04:00 DEBUG 7900 --- [backend] [main] org.hibernate.type.BasicTypeRegistry     : Adding type registration char[] -> org.hibernate.type.BasicTypeReference@723742b2
2025-04-20T17:16:29.468-04:00 DEBUG 7900 --- [backend] [main] org.hibernate.type.BasicTypeRegistry     : Adding type registration [C -> org.hibernate.type.BasicTypeReference@723742b2
2025-04-20T17:16:29.468-04:00 DEBUG 7900 --- [backend] [main] org.hibernate.type.BasicTypeRegistry     : Adding type registration wrapper-characters -> org.hibernate.type.BasicTypeReference@559991f5
2025-04-20T17:16:29.468-04:00 DEBUG 7900 --- [backend] [main] org.hibernate.type.BasicTypeRegistry     : Adding type registration text -> org.hibernate.type.BasicTypeReference@34c76167
2025-04-20T17:16:29.468-04:00 DEBUG 7900 --- [backend] [main] org.hibernate.type.BasicTypeRegistry     : Adding type registration ntext -> org.hibernate.type.BasicTypeReference@30b3d899
2025-04-20T17:16:29.468-04:00 DEBUG 7900 --- [backend] [main] org.hibernate.type.BasicTypeRegistry     : Adding type registration clob -> org.hibernate.type.BasicTypeReference@78d92eef
2025-04-20T17:16:29.468-04:00 DEBUG 7900 --- [backend] [main] org.hibernate.type.BasicTypeRegistry     : Adding type registration java.sql.Clob -> org.hibernate.type.BasicTypeReference@78d92eef
2025-04-20T17:16:29.469-04:00 DEBUG 7900 --- [backend] [main] org.hibernate.type.BasicTypeRegistry     : Adding type registration nclob -> org.hibernate.type.BasicTypeReference@61d60e38
2025-04-20T17:16:29.469-04:00 DEBUG 7900 --- [backend] [main] org.hibernate.type.BasicTypeRegistry     : Adding type registration java.sql.NClob -> org.hibernate.type.BasicTypeReference@61d60e38
2025-04-20T17:16:29.469-04:00 DEBUG 7900 --- [backend] [main] org.hibernate.type.BasicTypeRegistry     : Adding type registration materialized_clob -> org.hibernate.type.BasicTypeReference@6e95973c
2025-04-20T17:16:29.469-04:00 DEBUG 7900 --- [backend] [main] org.hibernate.type.BasicTypeRegistry     : Adding type registration materialized_clob_char_array -> org.hibernate.type.BasicTypeReference@404ced67
2025-04-20T17:16:29.469-04:00 DEBUG 7900 --- [backend] [main] org.hibernate.type.BasicTypeRegistry     : Adding type registration materialized_clob_character_array -> org.hibernate.type.BasicTypeReference@71531dd7
2025-04-20T17:16:29.469-04:00 DEBUG 7900 --- [backend] [main] org.hibernate.type.BasicTypeRegistry     : Adding type registration materialized_nclob -> org.hibernate.type.BasicTypeReference@20256a0b
2025-04-20T17:16:29.469-04:00 DEBUG 7900 --- [backend] [main] org.hibernate.type.BasicTypeRegistry     : Adding type registration materialized_nclob_character_array -> org.hibernate.type.BasicTypeReference@624b3544
2025-04-20T17:16:29.469-04:00 DEBUG 7900 --- [backend] [main] org.hibernate.type.BasicTypeRegistry     : Adding type registration materialized_nclob_char_array -> org.hibernate.type.BasicTypeReference@454bcbbf
2025-04-20T17:16:29.469-04:00 DEBUG 7900 --- [backend] [main] org.hibernate.type.BasicTypeRegistry     : Adding type registration Duration -> org.hibernate.type.BasicTypeReference@2c9fdb64
2025-04-20T17:16:29.469-04:00 DEBUG 7900 --- [backend] [main] org.hibernate.type.BasicTypeRegistry     : Adding type registration java.time.Duration -> org.hibernate.type.BasicTypeReference@2c9fdb64
2025-04-20T17:16:29.469-04:00 DEBUG 7900 --- [backend] [main] org.hibernate.type.BasicTypeRegistry     : Adding type registration LocalDateTime -> org.hibernate.type.BasicTypeReference@27e199ce
2025-04-20T17:16:29.469-04:00 DEBUG 7900 --- [backend] [main] org.hibernate.type.BasicTypeRegistry     : Adding type registration java.time.LocalDateTime -> org.hibernate.type.BasicTypeReference@27e199ce
2025-04-20T17:16:29.469-04:00 DEBUG 7900 --- [backend] [main] org.hibernate.type.BasicTypeRegistry     : Adding type registration LocalDate -> org.hibernate.type.BasicTypeReference@1c3b6963
2025-04-20T17:16:29.469-04:00 DEBUG 7900 --- [backend] [main] org.hibernate.type.BasicTypeRegistry     : Adding type registration java.time.LocalDate -> org.hibernate.type.BasicTypeReference@1c3b6963
2025-04-20T17:16:29.469-04:00 DEBUG 7900 --- [backend] [main] org.hibernate.type.BasicTypeRegistry     : Adding type registration LocalTime -> org.hibernate.type.BasicTypeReference@7364f68
2025-04-20T17:16:29.469-04:00 DEBUG 7900 --- [backend] [main] org.hibernate.type.BasicTypeRegistry     : Adding type registration java.time.LocalTime -> org.hibernate.type.BasicTypeReference@7364f68
2025-04-20T17:16:29.469-04:00 DEBUG 7900 --- [backend] [main] org.hibernate.type.BasicTypeRegistry     : Adding type registration OffsetDateTime -> org.hibernate.type.BasicTypeReference@55a0f011
2025-04-20T17:16:29.469-04:00 DEBUG 7900 --- [backend] [main] org.hibernate.type.BasicTypeRegistry     : Adding type registration java.time.OffsetDateTime -> org.hibernate.type.BasicTypeReference@55a0f011
2025-04-20T17:16:29.469-04:00 DEBUG 7900 --- [backend] [main] org.hibernate.type.BasicTypeRegistry     : Adding type registration OffsetDateTimeWithTimezone -> org.hibernate.type.BasicTypeReference@7ea42c82
2025-04-20T17:16:29.469-04:00 DEBUG 7900 --- [backend] [main] org.hibernate.type.BasicTypeRegistry     : Adding type registration OffsetDateTimeWithoutTimezone -> org.hibernate.type.BasicTypeReference@39133244
2025-04-20T17:16:29.469-04:00 DEBUG 7900 --- [backend] [main] org.hibernate.type.BasicTypeRegistry     : Adding type registration OffsetTime -> org.hibernate.type.BasicTypeReference@ceb7701
2025-04-20T17:16:29.469-04:00 DEBUG 7900 --- [backend] [main] org.hibernate.type.BasicTypeRegistry     : Adding type registration java.time.OffsetTime -> org.hibernate.type.BasicTypeReference@ceb7701
2025-04-20T17:16:29.469-04:00 DEBUG 7900 --- [backend] [main] org.hibernate.type.BasicTypeRegistry     : Adding type registration OffsetTimeUtc -> org.hibernate.type.BasicTypeReference@5e193ef5
2025-04-20T17:16:29.469-04:00 DEBUG 7900 --- [backend] [main] org.hibernate.type.BasicTypeRegistry     : Adding type registration OffsetTimeWithTimezone -> org.hibernate.type.BasicTypeReference@106c988
2025-04-20T17:16:29.469-04:00 DEBUG 7900 --- [backend] [main] org.hibernate.type.BasicTypeRegistry     : Adding type registration OffsetTimeWithoutTimezone -> org.hibernate.type.BasicTypeReference@21274afe
2025-04-20T17:16:29.469-04:00 DEBUG 7900 --- [backend] [main] org.hibernate.type.BasicTypeRegistry     : Adding type registration ZonedDateTime -> org.hibernate.type.BasicTypeReference@76a362a4
2025-04-20T17:16:29.470-04:00 DEBUG 7900 --- [backend] [main] org.hibernate.type.BasicTypeRegistry     : Adding type registration java.time.ZonedDateTime -> org.hibernate.type.BasicTypeReference@76a362a4
2025-04-20T17:16:29.470-04:00 DEBUG 7900 --- [backend] [main] org.hibernate.type.BasicTypeRegistry     : Adding type registration ZonedDateTimeWithTimezone -> org.hibernate.type.BasicTypeReference@61da0413
2025-04-20T17:16:29.470-04:00 DEBUG 7900 --- [backend] [main] org.hibernate.type.BasicTypeRegistry     : Adding type registration ZonedDateTimeWithoutTimezone -> org.hibernate.type.BasicTypeReference@5627cb29
2025-04-20T17:16:29.470-04:00 DEBUG 7900 --- [backend] [main] org.hibernate.type.BasicTypeRegistry     : Adding type registration date -> org.hibernate.type.BasicTypeReference@4d4c1ba9
2025-04-20T17:16:29.470-04:00 DEBUG 7900 --- [backend] [main] org.hibernate.type.BasicTypeRegistry     : Adding type registration java.sql.Date -> org.hibernate.type.BasicTypeReference@4d4c1ba9
2025-04-20T17:16:29.470-04:00 DEBUG 7900 --- [backend] [main] org.hibernate.type.BasicTypeRegistry     : Adding type registration time -> org.hibernate.type.BasicTypeReference@2017f6e6
2025-04-20T17:16:29.470-04:00 DEBUG 7900 --- [backend] [main] org.hibernate.type.BasicTypeRegistry     : Adding type registration java.sql.Time -> org.hibernate.type.BasicTypeReference@2017f6e6
2025-04-20T17:16:29.470-04:00 DEBUG 7900 --- [backend] [main] org.hibernate.type.BasicTypeRegistry     : Adding type registration timestamp -> org.hibernate.type.BasicTypeReference@115c946b
2025-04-20T17:16:29.470-04:00 DEBUG 7900 --- [backend] [main] org.hibernate.type.BasicTypeRegistry     : Adding type registration java.sql.Timestamp -> org.hibernate.type.BasicTypeReference@115c946b
2025-04-20T17:16:29.470-04:00 DEBUG 7900 --- [backend] [main] org.hibernate.type.BasicTypeRegistry     : Adding type registration java.util.Date -> org.hibernate.type.BasicTypeReference@115c946b
2025-04-20T17:16:29.470-04:00 DEBUG 7900 --- [backend] [main] org.hibernate.type.BasicTypeRegistry     : Adding type registration calendar -> org.hibernate.type.BasicTypeReference@79ca7bea
2025-04-20T17:16:29.470-04:00 DEBUG 7900 --- [backend] [main] org.hibernate.type.BasicTypeRegistry     : Adding type registration java.util.Calendar -> org.hibernate.type.BasicTypeReference@79ca7bea
2025-04-20T17:16:29.470-04:00 DEBUG 7900 --- [backend] [main] org.hibernate.type.BasicTypeRegistry     : Adding type registration java.util.GregorianCalendar -> org.hibernate.type.BasicTypeReference@79ca7bea
2025-04-20T17:16:29.470-04:00 DEBUG 7900 --- [backend] [main] org.hibernate.type.BasicTypeRegistry     : Adding type registration calendar_date -> org.hibernate.type.BasicTypeReference@54f6b629
2025-04-20T17:16:29.470-04:00 DEBUG 7900 --- [backend] [main] org.hibernate.type.BasicTypeRegistry     : Adding type registration calendar_time -> org.hibernate.type.BasicTypeReference@4bc9ca97
2025-04-20T17:16:29.470-04:00 DEBUG 7900 --- [backend] [main] org.hibernate.type.BasicTypeRegistry     : Adding type registration instant -> org.hibernate.type.BasicTypeReference@3e43f049
2025-04-20T17:16:29.470-04:00 DEBUG 7900 --- [backend] [main] org.hibernate.type.BasicTypeRegistry     : Adding type registration java.time.Instant -> org.hibernate.type.BasicTypeReference@3e43f049
2025-04-20T17:16:29.470-04:00 DEBUG 7900 --- [backend] [main] org.hibernate.type.BasicTypeRegistry     : Adding type registration uuid -> org.hibernate.type.BasicTypeReference@147cc940
2025-04-20T17:16:29.470-04:00 DEBUG 7900 --- [backend] [main] org.hibernate.type.BasicTypeRegistry     : Adding type registration java.util.UUID -> org.hibernate.type.BasicTypeReference@147cc940
2025-04-20T17:16:29.470-04:00 DEBUG 7900 --- [backend] [main] org.hibernate.type.BasicTypeRegistry     : Adding type registration pg-uuid -> org.hibernate.type.BasicTypeReference@147cc940
2025-04-20T17:16:29.470-04:00 DEBUG 7900 --- [backend] [main] org.hibernate.type.BasicTypeRegistry     : Adding type registration uuid-binary -> org.hibernate.type.BasicTypeReference@755a7218
2025-04-20T17:16:29.470-04:00 DEBUG 7900 --- [backend] [main] org.hibernate.type.BasicTypeRegistry     : Adding type registration uuid-char -> org.hibernate.type.BasicTypeReference@70c29356
2025-04-20T17:16:29.470-04:00 DEBUG 7900 --- [backend] [main] org.hibernate.type.BasicTypeRegistry     : Adding type registration class -> org.hibernate.type.BasicTypeReference@5122e4bf
2025-04-20T17:16:29.470-04:00 DEBUG 7900 --- [backend] [main] org.hibernate.type.BasicTypeRegistry     : Adding type registration java.lang.Class -> org.hibernate.type.BasicTypeReference@5122e4bf
2025-04-20T17:16:29.470-04:00 DEBUG 7900 --- [backend] [main] org.hibernate.type.BasicTypeRegistry     : Adding type registration currency -> org.hibernate.type.BasicTypeReference@23e61112
2025-04-20T17:16:29.470-04:00 DEBUG 7900 --- [backend] [main] org.hibernate.type.BasicTypeRegistry     : Adding type registration Currency -> org.hibernate.type.BasicTypeReference@23e61112
2025-04-20T17:16:29.470-04:00 DEBUG 7900 --- [backend] [main] org.hibernate.type.BasicTypeRegistry     : Adding type registration java.util.Currency -> org.hibernate.type.BasicTypeReference@23e61112
2025-04-20T17:16:29.470-04:00 DEBUG 7900 --- [backend] [main] org.hibernate.type.BasicTypeRegistry     : Adding type registration locale -> org.hibernate.type.BasicTypeReference@58a7dc4
2025-04-20T17:16:29.470-04:00 DEBUG 7900 --- [backend] [main] org.hibernate.type.BasicTypeRegistry     : Adding type registration java.util.Locale -> org.hibernate.type.BasicTypeReference@58a7dc4
2025-04-20T17:16:29.471-04:00 DEBUG 7900 --- [backend] [main] org.hibernate.type.BasicTypeRegistry     : Adding type registration serializable -> org.hibernate.type.BasicTypeReference@61b60600
2025-04-20T17:16:29.471-04:00 DEBUG 7900 --- [backend] [main] org.hibernate.type.BasicTypeRegistry     : Adding type registration java.io.Serializable -> org.hibernate.type.BasicTypeReference@61b60600
2025-04-20T17:16:29.471-04:00 DEBUG 7900 --- [backend] [main] org.hibernate.type.BasicTypeRegistry     : Adding type registration timezone -> org.hibernate.type.BasicTypeReference@27f71195
2025-04-20T17:16:29.471-04:00 DEBUG 7900 --- [backend] [main] org.hibernate.type.BasicTypeRegistry     : Adding type registration java.util.TimeZone -> org.hibernate.type.BasicTypeReference@27f71195
2025-04-20T17:16:29.471-04:00 DEBUG 7900 --- [backend] [main] org.hibernate.type.BasicTypeRegistry     : Adding type registration ZoneOffset -> org.hibernate.type.BasicTypeReference@340afaf8
2025-04-20T17:16:29.471-04:00 DEBUG 7900 --- [backend] [main] org.hibernate.type.BasicTypeRegistry     : Adding type registration java.time.ZoneOffset -> org.hibernate.type.BasicTypeReference@340afaf8
2025-04-20T17:16:29.471-04:00 DEBUG 7900 --- [backend] [main] org.hibernate.type.BasicTypeRegistry     : Adding type registration url -> org.hibernate.type.BasicTypeReference@6238d5e0
2025-04-20T17:16:29.471-04:00 DEBUG 7900 --- [backend] [main] org.hibernate.type.BasicTypeRegistry     : Adding type registration java.net.URL -> org.hibernate.type.BasicTypeReference@6238d5e0
2025-04-20T17:16:29.471-04:00 DEBUG 7900 --- [backend] [main] org.hibernate.type.BasicTypeRegistry     : Adding type registration vector -> org.hibernate.type.BasicTypeReference@336f49a1
2025-04-20T17:16:29.472-04:00 DEBUG 7900 --- [backend] [main] org.hibernate.type.BasicTypeRegistry     : Adding type registration float_vector -> org.hibernate.type.BasicTypeReference@2c8b8de0
2025-04-20T17:16:29.472-04:00 DEBUG 7900 --- [backend] [main] org.hibernate.type.BasicTypeRegistry     : Adding type registration double_vector -> org.hibernate.type.BasicTypeReference@4fb57fb3
2025-04-20T17:16:29.472-04:00 DEBUG 7900 --- [backend] [main] org.hibernate.type.BasicTypeRegistry     : Adding type registration byte_vector -> org.hibernate.type.BasicTypeReference@6b063470
2025-04-20T17:16:29.472-04:00 DEBUG 7900 --- [backend] [main] org.hibernate.type.BasicTypeRegistry     : Adding type registration row_version -> org.hibernate.type.BasicTypeReference@226d5af0
2025-04-20T17:16:29.477-04:00 DEBUG 7900 --- [backend] [main] org.hibernate.type.BasicTypeRegistry     : Adding type registration object -> org.hibernate.type.JavaObjectType@20cff21e
2025-04-20T17:16:29.477-04:00 DEBUG 7900 --- [backend] [main] org.hibernate.type.BasicTypeRegistry     : Adding type registration java.lang.Object -> org.hibernate.type.JavaObjectType@20cff21e
2025-04-20T17:16:29.478-04:00 DEBUG 7900 --- [backend] [main] org.hibernate.type.BasicTypeRegistry     : Adding type registration null -> org.hibernate.type.NullType@3711c71c
2025-04-20T17:16:29.479-04:00 DEBUG 7900 --- [backend] [main] org.hibernate.type.BasicTypeRegistry     : Adding type registration imm_date -> org.hibernate.type.BasicTypeReference@33e3bd2e
2025-04-20T17:16:29.479-04:00 DEBUG 7900 --- [backend] [main] org.hibernate.type.BasicTypeRegistry     : Adding type registration imm_time -> org.hibernate.type.BasicTypeReference@646d810b
2025-04-20T17:16:29.479-04:00 DEBUG 7900 --- [backend] [main] org.hibernate.type.BasicTypeRegistry     : Adding type registration imm_timestamp -> org.hibernate.type.BasicTypeReference@30508066
2025-04-20T17:16:29.479-04:00 DEBUG 7900 --- [backend] [main] org.hibernate.type.BasicTypeRegistry     : Adding type registration imm_calendar -> org.hibernate.type.BasicTypeReference@9408857
2025-04-20T17:16:29.479-04:00 DEBUG 7900 --- [backend] [main] org.hibernate.type.BasicTypeRegistry     : Adding type registration imm_calendar_date -> org.hibernate.type.BasicTypeReference@27e44e9c
2025-04-20T17:16:29.479-04:00 DEBUG 7900 --- [backend] [main] org.hibernate.type.BasicTypeRegistry     : Adding type registration imm_calendar_time -> org.hibernate.type.BasicTypeReference@2f09e6b2
2025-04-20T17:16:29.479-04:00 DEBUG 7900 --- [backend] [main] org.hibernate.type.BasicTypeRegistry     : Adding type registration imm_binary -> org.hibernate.type.BasicTypeReference@1bee0085
2025-04-20T17:16:29.479-04:00 DEBUG 7900 --- [backend] [main] org.hibernate.type.BasicTypeRegistry     : Adding type registration imm_serializable -> org.hibernate.type.BasicTypeReference@16e1219f
2025-04-20T17:16:29.481-04:00 TRACE 7900 --- [backend] [main] o.h.q.sqm.function.SqmFunctionRegistry   : SqmFunctionRegistry created
2025-04-20T17:16:29.482-04:00 TRACE 7900 --- [backend] [main] o.h.s.i.AbstractServiceRegistryImpl      : Initializing service [role=org.hibernate.boot.cfgxml.spi.CfgXmlAccessService]
2025-04-20T17:16:29.483-04:00 DEBUG 7900 --- [backend] [main] o.h.boot.internal.BootstrapContextImpl   : Injecting JPA temp ClassLoader [org.springframework.instrument.classloading.SimpleThrowawayClassLoader@1b7554d4] into BootstrapContext; was [null]
2025-04-20T17:16:29.483-04:00 DEBUG 7900 --- [backend] [main] o.h.boot.internal.ClassLoaderAccessImpl  : ClassLoaderAccessImpl#injectTempClassLoader(org.springframework.instrument.classloading.SimpleThrowawayClassLoader@1b7554d4) [was null]
2025-04-20T17:16:29.483-04:00 DEBUG 7900 --- [backend] [main] o.h.boot.internal.BootstrapContextImpl   : Injecting ScanEnvironment [org.hibernate.jpa.boot.internal.StandardJpaScanEnvironmentImpl@39449465] into BootstrapContext; was [null]
2025-04-20T17:16:29.483-04:00 DEBUG 7900 --- [backend] [main] o.h.boot.internal.BootstrapContextImpl   : Injecting ScanOptions [org.hibernate.boot.archive.scan.internal.StandardScanOptions@6e3dd5ce] into BootstrapContext; was [org.hibernate.boot.archive.scan.internal.StandardScanOptions@16f7f59f]
2025-04-20T17:16:29.492-04:00 DEBUG 7900 --- [backend] [main] o.h.j.b.i.PersistenceUnitInfoDescriptor  : Pushing class transformers for PU named 'default' on loading classloader jdk.internal.loader.ClassLoaders$AppClassLoader@42110406
2025-04-20T17:16:29.583-04:00  INFO 7900 --- [backend] [main] o.s.o.j.p.SpringPersistenceUnitInfo      : No LoadTimeWeaver setup: ignoring JPA class transformer
2025-04-20T17:16:29.583-04:00 DEBUG 7900 --- [backend] [main] o.h.boot.internal.BootstrapContextImpl   : Injecting JPA temp ClassLoader [null] into BootstrapContext; was [org.springframework.instrument.classloading.SimpleThrowawayClassLoader@1b7554d4]
2025-04-20T17:16:29.583-04:00 DEBUG 7900 --- [backend] [main] o.h.boot.internal.ClassLoaderAccessImpl  : ClassLoaderAccessImpl#injectTempClassLoader(null) [was org.springframework.instrument.classloading.SimpleThrowawayClassLoader@1b7554d4]
2025-04-20T17:16:29.588-04:00 TRACE 7900 --- [backend] [main] o.h.s.i.AbstractServiceRegistryImpl      : Initializing service [role=org.hibernate.engine.jdbc.env.spi.JdbcEnvironment]
2025-04-20T17:16:29.588-04:00 TRACE 7900 --- [backend] [main] o.h.s.i.AbstractServiceRegistryImpl      : Initializing service [role=org.hibernate.engine.jdbc.dialect.spi.DialectFactory]
2025-04-20T17:16:29.589-04:00 TRACE 7900 --- [backend] [main] o.h.s.i.AbstractServiceRegistryImpl      : Initializing service [role=org.hibernate.engine.jdbc.dialect.spi.DialectResolver]
2025-04-20T17:16:29.590-04:00 TRACE 7900 --- [backend] [main] o.h.s.i.AbstractServiceRegistryImpl      : Initializing service [role=org.hibernate.engine.jdbc.connections.spi.MultiTenantConnectionProvider]
2025-04-20T17:16:29.590-04:00 TRACE 7900 --- [backend] [main] o.h.s.i.AbstractServiceRegistryImpl      : Initializing service [role=org.hibernate.engine.jdbc.connections.spi.ConnectionProvider]
2025-04-20T17:16:29.590-04:00 TRACE 7900 --- [backend] [main] o.h.s.i.AbstractServiceRegistryImpl      : Initializing service [role=org.hibernate.engine.jdbc.connections.spi.MultiTenantConnectionProvider]
2025-04-20T17:16:29.591-04:00 TRACE 7900 --- [backend] [main] o.h.s.i.AbstractServiceRegistryImpl      : Initializing service [role=org.hibernate.engine.jndi.spi.JndiService]
2025-04-20T17:16:29.596-04:00 TRACE 7900 --- [backend] [main] o.h.s.i.AbstractServiceRegistryImpl      : Initializing service [role=org.hibernate.resource.transaction.spi.TransactionCoordinatorBuilder]
2025-04-20T17:16:29.599-04:00 DEBUG 7900 --- [backend] [main] com.zaxxer.hikari.HikariConfig           : HikariPool-1 - configuration:
2025-04-20T17:16:29.601-04:00 DEBUG 7900 --- [backend] [main] com.zaxxer.hikari.HikariConfig           : allowPoolSuspension.............false
2025-04-20T17:16:29.601-04:00 DEBUG 7900 --- [backend] [main] com.zaxxer.hikari.HikariConfig           : autoCommit......................true
2025-04-20T17:16:29.601-04:00 DEBUG 7900 --- [backend] [main] com.zaxxer.hikari.HikariConfig           : catalog.........................none
2025-04-20T17:16:29.601-04:00 DEBUG 7900 --- [backend] [main] com.zaxxer.hikari.HikariConfig           : connectionInitSql...............none
2025-04-20T17:16:29.601-04:00 DEBUG 7900 --- [backend] [main] com.zaxxer.hikari.HikariConfig           : connectionTestQuery.............none
2025-04-20T17:16:29.602-04:00 DEBUG 7900 --- [backend] [main] com.zaxxer.hikari.HikariConfig           : connectionTimeout...............30000
2025-04-20T17:16:29.602-04:00 DEBUG 7900 --- [backend] [main] com.zaxxer.hikari.HikariConfig           : dataSource......................none
2025-04-20T17:16:29.602-04:00 DEBUG 7900 --- [backend] [main] com.zaxxer.hikari.HikariConfig           : dataSourceClassName.............none
2025-04-20T17:16:29.602-04:00 DEBUG 7900 --- [backend] [main] com.zaxxer.hikari.HikariConfig           : dataSourceJNDI..................none
2025-04-20T17:16:29.602-04:00 DEBUG 7900 --- [backend] [main] com.zaxxer.hikari.HikariConfig           : dataSourceProperties............{password=<masked>}
2025-04-20T17:16:29.602-04:00 DEBUG 7900 --- [backend] [main] com.zaxxer.hikari.HikariConfig           : driverClassName................."com.mysql.cj.jdbc.Driver"
2025-04-20T17:16:29.602-04:00 DEBUG 7900 --- [backend] [main] com.zaxxer.hikari.HikariConfig           : exceptionOverrideClassName......none
2025-04-20T17:16:29.602-04:00 DEBUG 7900 --- [backend] [main] com.zaxxer.hikari.HikariConfig           : healthCheckProperties...........{}
2025-04-20T17:16:29.602-04:00 DEBUG 7900 --- [backend] [main] com.zaxxer.hikari.HikariConfig           : healthCheckRegistry.............none
2025-04-20T17:16:29.602-04:00 DEBUG 7900 --- [backend] [main] com.zaxxer.hikari.HikariConfig           : idleTimeout.....................600000
2025-04-20T17:16:29.602-04:00 DEBUG 7900 --- [backend] [main] com.zaxxer.hikari.HikariConfig           : initializationFailTimeout.......1
2025-04-20T17:16:29.602-04:00 DEBUG 7900 --- [backend] [main] com.zaxxer.hikari.HikariConfig           : isolateInternalQueries..........false
2025-04-20T17:16:29.603-04:00 DEBUG 7900 --- [backend] [main] com.zaxxer.hikari.HikariConfig           : jdbcUrl.........................jdbc:mysql://mysql-cdy2203:3306/mydatabase
2025-04-20T17:16:29.603-04:00 DEBUG 7900 --- [backend] [main] com.zaxxer.hikari.HikariConfig           : keepaliveTime...................0
2025-04-20T17:16:29.603-04:00 DEBUG 7900 --- [backend] [main] com.zaxxer.hikari.HikariConfig           : leakDetectionThreshold..........0
2025-04-20T17:16:29.603-04:00 DEBUG 7900 --- [backend] [main] com.zaxxer.hikari.HikariConfig           : maxLifetime.....................1800000
2025-04-20T17:16:29.603-04:00 DEBUG 7900 --- [backend] [main] com.zaxxer.hikari.HikariConfig           : maximumPoolSize.................10
2025-04-20T17:16:29.603-04:00 DEBUG 7900 --- [backend] [main] com.zaxxer.hikari.HikariConfig           : metricRegistry..................none
2025-04-20T17:16:29.603-04:00 DEBUG 7900 --- [backend] [main] com.zaxxer.hikari.HikariConfig           : metricsTrackerFactory...........none
2025-04-20T17:16:29.603-04:00 DEBUG 7900 --- [backend] [main] com.zaxxer.hikari.HikariConfig           : minimumIdle.....................10
2025-04-20T17:16:29.603-04:00 DEBUG 7900 --- [backend] [main] com.zaxxer.hikari.HikariConfig           : password........................<masked>
2025-04-20T17:16:29.603-04:00 DEBUG 7900 --- [backend] [main] com.zaxxer.hikari.HikariConfig           : poolName........................"HikariPool-1"
2025-04-20T17:16:29.603-04:00 DEBUG 7900 --- [backend] [main] com.zaxxer.hikari.HikariConfig           : readOnly........................false
2025-04-20T17:16:29.603-04:00 DEBUG 7900 --- [backend] [main] com.zaxxer.hikari.HikariConfig           : registerMbeans..................false
2025-04-20T17:16:29.603-04:00 DEBUG 7900 --- [backend] [main] com.zaxxer.hikari.HikariConfig           : scheduledExecutor...............none
2025-04-20T17:16:29.603-04:00 DEBUG 7900 --- [backend] [main] com.zaxxer.hikari.HikariConfig           : schema..........................none
2025-04-20T17:16:29.603-04:00 DEBUG 7900 --- [backend] [main] com.zaxxer.hikari.HikariConfig           : threadFactory...................internal
2025-04-20T17:16:29.603-04:00 DEBUG 7900 --- [backend] [main] com.zaxxer.hikari.HikariConfig           : transactionIsolation............default
2025-04-20T17:16:29.603-04:00 DEBUG 7900 --- [backend] [main] com.zaxxer.hikari.HikariConfig           : username........................"myuser"
2025-04-20T17:16:29.603-04:00 DEBUG 7900 --- [backend] [main] com.zaxxer.hikari.HikariConfig           : validationTimeout...............5000
2025-04-20T17:16:29.603-04:00  INFO 7900 --- [backend] [main] com.zaxxer.hikari.HikariDataSource       : HikariPool-1 - Starting...
2025-04-20T17:16:29.910-04:00 DEBUG 7900 --- [backend] [main] com.zaxxer.hikari.pool.PoolBase          : HikariPool-1 - Failed to create/setup connection: Communications link failure

The last packet sent successfully to the server was 0 milliseconds ago. The driver has not received any packets from the server.
2025-04-20T17:16:29.910-04:00 DEBUG 7900 --- [backend] [main] com.zaxxer.hikari.pool.HikariPool        : HikariPool-1 - Cannot acquire connection from data source

com.mysql.cj.jdbc.exceptions.CommunicationsException: Communications link failure

The last packet sent successfully to the server was 0 milliseconds ago. The driver has not received any packets from the server.
	at com.mysql.cj.jdbc.exceptions.SQLError.createCommunicationsException(SQLError.java:165) ~[mysql-connector-j-9.1.0.jar:9.1.0]
	at com.mysql.cj.jdbc.exceptions.SQLExceptionsMapping.translateException(SQLExceptionsMapping.java:55) ~[mysql-connector-j-9.1.0.jar:9.1.0]
	at com.mysql.cj.jdbc.ConnectionImpl.createNewIO(ConnectionImpl.java:837) ~[mysql-connector-j-9.1.0.jar:9.1.0]
	at com.mysql.cj.jdbc.ConnectionImpl.<init>(ConnectionImpl.java:420) ~[mysql-connector-j-9.1.0.jar:9.1.0]
	at com.mysql.cj.jdbc.ConnectionImpl.getInstance(ConnectionImpl.java:238) ~[mysql-connector-j-9.1.0.jar:9.1.0]
	at com.mysql.cj.jdbc.NonRegisteringDriver.connect(NonRegisteringDriver.java:180) ~[mysql-connector-j-9.1.0.jar:9.1.0]
	at com.zaxxer.hikari.util.DriverDataSource.getConnection(DriverDataSource.java:137) ~[HikariCP-5.1.0.jar:na]
	at com.zaxxer.hikari.pool.PoolBase.newConnection(PoolBase.java:360) ~[HikariCP-5.1.0.jar:na]
	at com.zaxxer.hikari.pool.PoolBase.newPoolEntry(PoolBase.java:202) ~[HikariCP-5.1.0.jar:na]
	at com.zaxxer.hikari.pool.HikariPool.createPoolEntry(HikariPool.java:461) ~[HikariCP-5.1.0.jar:na]
	at com.zaxxer.hikari.pool.HikariPool.checkFailFast(HikariPool.java:550) ~[HikariCP-5.1.0.jar:na]
	at com.zaxxer.hikari.pool.HikariPool.<init>(HikariPool.java:98) ~[HikariCP-5.1.0.jar:na]
	at com.zaxxer.hikari.HikariDataSource.getConnection(HikariDataSource.java:111) ~[HikariCP-5.1.0.jar:na]
	at org.hibernate.engine.jdbc.connections.internal.DatasourceConnectionProviderImpl.getConnection(DatasourceConnectionProviderImpl.java:126) ~[hibernate-core-6.6.11.Final.jar:6.6.11.Final]
	at org.hibernate.engine.jdbc.env.internal.JdbcEnvironmentInitiator$ConnectionProviderJdbcConnectionAccess.obtainConnection(JdbcEnvironmentInitiator.java:467) ~[hibernate-core-6.6.11.Final.jar:6.6.11.Final]
	at org.hibernate.resource.transaction.backend.jdbc.internal.JdbcIsolationDelegate.delegateWork(JdbcIsolationDelegate.java:61) ~[hibernate-core-6.6.11.Final.jar:6.6.11.Final]
	at org.hibernate.engine.jdbc.env.internal.JdbcEnvironmentInitiator.getJdbcEnvironmentUsingJdbcMetadata(JdbcEnvironmentInitiator.java:320) ~[hibernate-core-6.6.11.Final.jar:6.6.11.Final]
	at org.hibernate.engine.jdbc.env.internal.JdbcEnvironmentInitiator.initiateService(JdbcEnvironmentInitiator.java:129) ~[hibernate-core-6.6.11.Final.jar:6.6.11.Final]
	at org.hibernate.engine.jdbc.env.internal.JdbcEnvironmentInitiator.initiateService(JdbcEnvironmentInitiator.java:81) ~[hibernate-core-6.6.11.Final.jar:6.6.11.Final]
	at org.hibernate.boot.registry.internal.StandardServiceRegistryImpl.initiateService(StandardServiceRegistryImpl.java:130) ~[hibernate-core-6.6.11.Final.jar:6.6.11.Final]
	at org.hibernate.service.internal.AbstractServiceRegistryImpl.createService(AbstractServiceRegistryImpl.java:263) ~[hibernate-core-6.6.11.Final.jar:6.6.11.Final]
	at org.hibernate.service.internal.AbstractServiceRegistryImpl.initializeService(AbstractServiceRegistryImpl.java:238) ~[hibernate-core-6.6.11.Final.jar:6.6.11.Final]
	at org.hibernate.service.internal.AbstractServiceRegistryImpl.getService(AbstractServiceRegistryImpl.java:215) ~[hibernate-core-6.6.11.Final.jar:6.6.11.Final]
	at org.hibernate.boot.model.relational.Database.<init>(Database.java:45) ~[hibernate-core-6.6.11.Final.jar:6.6.11.Final]
	at org.hibernate.boot.internal.InFlightMetadataCollectorImpl.getDatabase(InFlightMetadataCollectorImpl.java:226) ~[hibernate-core-6.6.11.Final.jar:6.6.11.Final]
	at org.hibernate.boot.internal.InFlightMetadataCollectorImpl.<init>(InFlightMetadataCollectorImpl.java:194) ~[hibernate-core-6.6.11.Final.jar:6.6.11.Final]
	at org.hibernate.boot.model.process.spi.MetadataBuildingProcess.complete(MetadataBuildingProcess.java:171) ~[hibernate-core-6.6.11.Final.jar:6.6.11.Final]
	at org.hibernate.jpa.boot.internal.EntityManagerFactoryBuilderImpl.metadata(EntityManagerFactoryBuilderImpl.java:1442) ~[hibernate-core-6.6.11.Final.jar:6.6.11.Final]
	at org.hibernate.jpa.boot.internal.EntityManagerFactoryBuilderImpl.build(EntityManagerFactoryBuilderImpl.java:1513) ~[hibernate-core-6.6.11.Final.jar:6.6.11.Final]
	at org.springframework.orm.jpa.vendor.SpringHibernateJpaPersistenceProvider.createContainerEntityManagerFactory(SpringHibernateJpaPersistenceProvider.java:66) ~[spring-orm-6.2.5.jar:6.2.5]
	at org.springframework.orm.jpa.LocalContainerEntityManagerFactoryBean.createNativeEntityManagerFactory(LocalContainerEntityManagerFactoryBean.java:390) ~[spring-orm-6.2.5.jar:6.2.5]
	at org.springframework.orm.jpa.AbstractEntityManagerFactoryBean.buildNativeEntityManagerFactory(AbstractEntityManagerFactoryBean.java:419) ~[spring-orm-6.2.5.jar:6.2.5]
	at org.springframework.orm.jpa.AbstractEntityManagerFactoryBean.afterPropertiesSet(AbstractEntityManagerFactoryBean.java:400) ~[spring-orm-6.2.5.jar:6.2.5]
	at org.springframework.orm.jpa.LocalContainerEntityManagerFactoryBean.afterPropertiesSet(LocalContainerEntityManagerFactoryBean.java:366) ~[spring-orm-6.2.5.jar:6.2.5]
	at org.springframework.beans.factory.support.AbstractAutowireCapableBeanFactory.invokeInitMethods(AbstractAutowireCapableBeanFactory.java:1859) ~[spring-beans-6.2.5.jar:6.2.5]
	at org.springframework.beans.factory.support.AbstractAutowireCapableBeanFactory.initializeBean(AbstractAutowireCapableBeanFactory.java:1808) ~[spring-beans-6.2.5.jar:6.2.5]
	at org.springframework.beans.factory.support.AbstractAutowireCapableBeanFactory.doCreateBean(AbstractAutowireCapableBeanFactory.java:601) ~[spring-beans-6.2.5.jar:6.2.5]
	at org.springframework.beans.factory.support.AbstractAutowireCapableBeanFactory.createBean(AbstractAutowireCapableBeanFactory.java:523) ~[spring-beans-6.2.5.jar:6.2.5]
	at org.springframework.beans.factory.support.AbstractBeanFactory.lambda$doGetBean$0(AbstractBeanFactory.java:339) ~[spring-beans-6.2.5.jar:6.2.5]
	at org.springframework.beans.factory.support.DefaultSingletonBeanRegistry.getSingleton(DefaultSingletonBeanRegistry.java:347) ~[spring-beans-6.2.5.jar:6.2.5]
	at org.springframework.beans.factory.support.AbstractBeanFactory.doGetBean(AbstractBeanFactory.java:337) ~[spring-beans-6.2.5.jar:6.2.5]
	at org.springframework.beans.factory.support.AbstractBeanFactory.getBean(AbstractBeanFactory.java:207) ~[spring-beans-6.2.5.jar:6.2.5]
	at org.springframework.context.support.AbstractApplicationContext.finishBeanFactoryInitialization(AbstractApplicationContext.java:970) ~[spring-context-6.2.5.jar:6.2.5]
	at org.springframework.context.support.AbstractApplicationContext.refresh(AbstractApplicationContext.java:627) ~[spring-context-6.2.5.jar:6.2.5]
	at org.springframework.boot.web.servlet.context.ServletWebServerApplicationContext.refresh(ServletWebServerApplicationContext.java:146) ~[spring-boot-3.4.4.jar:3.4.4]
	at org.springframework.boot.SpringApplication.refresh(SpringApplication.java:752) ~[spring-boot-3.4.4.jar:3.4.4]
	at org.springframework.boot.SpringApplication.refreshContext(SpringApplication.java:439) ~[spring-boot-3.4.4.jar:3.4.4]
	at org.springframework.boot.SpringApplication.run(SpringApplication.java:318) ~[spring-boot-3.4.4.jar:3.4.4]
	at org.springframework.boot.SpringApplication.run(SpringApplication.java:1361) ~[spring-boot-3.4.4.jar:3.4.4]
	at org.springframework.boot.SpringApplication.run(SpringApplication.java:1350) ~[spring-boot-3.4.4.jar:3.4.4]
	at com.duoc.backend.BackendApplication.main(BackendApplication.java:10) ~[classes/:na]
Caused by: com.mysql.cj.exceptions.CJCommunicationsException: Communications link failure

The last packet sent successfully to the server was 0 milliseconds ago. The driver has not received any packets from the server.
	at java.base/jdk.internal.reflect.NativeConstructorAccessorImpl.newInstance0(Native Method) ~[na:na]
	at java.base/jdk.internal.reflect.NativeConstructorAccessorImpl.newInstance(NativeConstructorAccessorImpl.java:77) ~[na:na]
	at java.base/jdk.internal.reflect.DelegatingConstructorAccessorImpl.newInstance(DelegatingConstructorAccessorImpl.java:45) ~[na:na]
	at java.base/java.lang.reflect.Constructor.newInstanceWithCaller(Constructor.java:499) ~[na:na]
	at java.base/java.lang.reflect.Constructor.newInstance(Constructor.java:480) ~[na:na]
	at com.mysql.cj.exceptions.ExceptionFactory.createException(ExceptionFactory.java:52) ~[mysql-connector-j-9.1.0.jar:9.1.0]
	at com.mysql.cj.exceptions.ExceptionFactory.createException(ExceptionFactory.java:95) ~[mysql-connector-j-9.1.0.jar:9.1.0]
	at com.mysql.cj.exceptions.ExceptionFactory.createException(ExceptionFactory.java:140) ~[mysql-connector-j-9.1.0.jar:9.1.0]
	at com.mysql.cj.exceptions.ExceptionFactory.createCommunicationsException(ExceptionFactory.java:156) ~[mysql-connector-j-9.1.0.jar:9.1.0]
	at com.mysql.cj.protocol.a.NativeSocketConnection.connect(NativeSocketConnection.java:79) ~[mysql-connector-j-9.1.0.jar:9.1.0]
	at com.mysql.cj.NativeSession.connect(NativeSession.java:142) ~[mysql-connector-j-9.1.0.jar:9.1.0]
	at com.mysql.cj.jdbc.ConnectionImpl.connectOneTryOnly(ConnectionImpl.java:961) ~[mysql-connector-j-9.1.0.jar:9.1.0]
	at com.mysql.cj.jdbc.ConnectionImpl.createNewIO(ConnectionImpl.java:825) ~[mysql-connector-j-9.1.0.jar:9.1.0]
	... 48 common frames omitted
Caused by: java.net.UnknownHostException: mysql-cdy2203: nodename nor servname provided, or not known
	at java.base/java.net.Inet6AddressImpl.lookupAllHostAddr(Native Method) ~[na:na]
	at java.base/java.net.InetAddress$PlatformNameService.lookupAllHostAddr(InetAddress.java:934) ~[na:na]
	at java.base/java.net.InetAddress.getAddressesFromNameService(InetAddress.java:1543) ~[na:na]
	at java.base/java.net.InetAddress$NameServiceAddresses.get(InetAddress.java:852) ~[na:na]
	at java.base/java.net.InetAddress.getAllByName0(InetAddress.java:1533) ~[na:na]
	at java.base/java.net.InetAddress.getAllByName(InetAddress.java:1385) ~[na:na]
	at java.base/java.net.InetAddress.getAllByName(InetAddress.java:1306) ~[na:na]
	at com.mysql.cj.protocol.StandardSocketFactory.connect(StandardSocketFactory.java:121) ~[mysql-connector-j-9.1.0.jar:9.1.0]
	at com.mysql.cj.protocol.a.NativeSocketConnection.connect(NativeSocketConnection.java:53) ~[mysql-connector-j-9.1.0.jar:9.1.0]
	... 51 common frames omitted

2025-04-20T17:16:30.918-04:00 DEBUG 7900 --- [backend] [main] o.h.engine.jdbc.spi.SqlExceptionHelper   : unable to obtain isolated JDBC connection [n/a]

com.mysql.cj.jdbc.exceptions.CommunicationsException: Communications link failure

The last packet sent successfully to the server was 0 milliseconds ago. The driver has not received any packets from the server.
	at com.mysql.cj.jdbc.exceptions.SQLError.createCommunicationsException(SQLError.java:165) ~[mysql-connector-j-9.1.0.jar:9.1.0]
	at com.mysql.cj.jdbc.exceptions.SQLExceptionsMapping.translateException(SQLExceptionsMapping.java:55) ~[mysql-connector-j-9.1.0.jar:9.1.0]
	at com.mysql.cj.jdbc.ConnectionImpl.createNewIO(ConnectionImpl.java:837) ~[mysql-connector-j-9.1.0.jar:9.1.0]
	at com.mysql.cj.jdbc.ConnectionImpl.<init>(ConnectionImpl.java:420) ~[mysql-connector-j-9.1.0.jar:9.1.0]
	at com.mysql.cj.jdbc.ConnectionImpl.getInstance(ConnectionImpl.java:238) ~[mysql-connector-j-9.1.0.jar:9.1.0]
	at com.mysql.cj.jdbc.NonRegisteringDriver.connect(NonRegisteringDriver.java:180) ~[mysql-connector-j-9.1.0.jar:9.1.0]
	at com.zaxxer.hikari.util.DriverDataSource.getConnection(DriverDataSource.java:137) ~[HikariCP-5.1.0.jar:na]
	at com.zaxxer.hikari.pool.PoolBase.newConnection(PoolBase.java:360) ~[HikariCP-5.1.0.jar:na]
	at com.zaxxer.hikari.pool.PoolBase.newPoolEntry(PoolBase.java:202) ~[HikariCP-5.1.0.jar:na]
	at com.zaxxer.hikari.pool.HikariPool.createPoolEntry(HikariPool.java:461) ~[HikariCP-5.1.0.jar:na]
	at com.zaxxer.hikari.pool.HikariPool.checkFailFast(HikariPool.java:550) ~[HikariCP-5.1.0.jar:na]
	at com.zaxxer.hikari.pool.HikariPool.<init>(HikariPool.java:98) ~[HikariCP-5.1.0.jar:na]
	at com.zaxxer.hikari.HikariDataSource.getConnection(HikariDataSource.java:111) ~[HikariCP-5.1.0.jar:na]
	at org.hibernate.engine.jdbc.connections.internal.DatasourceConnectionProviderImpl.getConnection(DatasourceConnectionProviderImpl.java:126) ~[hibernate-core-6.6.11.Final.jar:6.6.11.Final]
	at org.hibernate.engine.jdbc.env.internal.JdbcEnvironmentInitiator$ConnectionProviderJdbcConnectionAccess.obtainConnection(JdbcEnvironmentInitiator.java:467) ~[hibernate-core-6.6.11.Final.jar:6.6.11.Final]
	at org.hibernate.resource.transaction.backend.jdbc.internal.JdbcIsolationDelegate.delegateWork(JdbcIsolationDelegate.java:61) ~[hibernate-core-6.6.11.Final.jar:6.6.11.Final]
	at org.hibernate.engine.jdbc.env.internal.JdbcEnvironmentInitiator.getJdbcEnvironmentUsingJdbcMetadata(JdbcEnvironmentInitiator.java:320) ~[hibernate-core-6.6.11.Final.jar:6.6.11.Final]
	at org.hibernate.engine.jdbc.env.internal.JdbcEnvironmentInitiator.initiateService(JdbcEnvironmentInitiator.java:129) ~[hibernate-core-6.6.11.Final.jar:6.6.11.Final]
	at org.hibernate.engine.jdbc.env.internal.JdbcEnvironmentInitiator.initiateService(JdbcEnvironmentInitiator.java:81) ~[hibernate-core-6.6.11.Final.jar:6.6.11.Final]
	at org.hibernate.boot.registry.internal.StandardServiceRegistryImpl.initiateService(StandardServiceRegistryImpl.java:130) ~[hibernate-core-6.6.11.Final.jar:6.6.11.Final]
	at org.hibernate.service.internal.AbstractServiceRegistryImpl.createService(AbstractServiceRegistryImpl.java:263) ~[hibernate-core-6.6.11.Final.jar:6.6.11.Final]
	at org.hibernate.service.internal.AbstractServiceRegistryImpl.initializeService(AbstractServiceRegistryImpl.java:238) ~[hibernate-core-6.6.11.Final.jar:6.6.11.Final]
	at org.hibernate.service.internal.AbstractServiceRegistryImpl.getService(AbstractServiceRegistryImpl.java:215) ~[hibernate-core-6.6.11.Final.jar:6.6.11.Final]
	at org.hibernate.boot.model.relational.Database.<init>(Database.java:45) ~[hibernate-core-6.6.11.Final.jar:6.6.11.Final]
	at org.hibernate.boot.internal.InFlightMetadataCollectorImpl.getDatabase(InFlightMetadataCollectorImpl.java:226) ~[hibernate-core-6.6.11.Final.jar:6.6.11.Final]
	at org.hibernate.boot.internal.InFlightMetadataCollectorImpl.<init>(InFlightMetadataCollectorImpl.java:194) ~[hibernate-core-6.6.11.Final.jar:6.6.11.Final]
	at org.hibernate.boot.model.process.spi.MetadataBuildingProcess.complete(MetadataBuildingProcess.java:171) ~[hibernate-core-6.6.11.Final.jar:6.6.11.Final]
	at org.hibernate.jpa.boot.internal.EntityManagerFactoryBuilderImpl.metadata(EntityManagerFactoryBuilderImpl.java:1442) ~[hibernate-core-6.6.11.Final.jar:6.6.11.Final]
	at org.hibernate.jpa.boot.internal.EntityManagerFactoryBuilderImpl.build(EntityManagerFactoryBuilderImpl.java:1513) ~[hibernate-core-6.6.11.Final.jar:6.6.11.Final]
	at org.springframework.orm.jpa.vendor.SpringHibernateJpaPersistenceProvider.createContainerEntityManagerFactory(SpringHibernateJpaPersistenceProvider.java:66) ~[spring-orm-6.2.5.jar:6.2.5]
	at org.springframework.orm.jpa.LocalContainerEntityManagerFactoryBean.createNativeEntityManagerFactory(LocalContainerEntityManagerFactoryBean.java:390) ~[spring-orm-6.2.5.jar:6.2.5]
	at org.springframework.orm.jpa.AbstractEntityManagerFactoryBean.buildNativeEntityManagerFactory(AbstractEntityManagerFactoryBean.java:419) ~[spring-orm-6.2.5.jar:6.2.5]
	at org.springframework.orm.jpa.AbstractEntityManagerFactoryBean.afterPropertiesSet(AbstractEntityManagerFactoryBean.java:400) ~[spring-orm-6.2.5.jar:6.2.5]
	at org.springframework.orm.jpa.LocalContainerEntityManagerFactoryBean.afterPropertiesSet(LocalContainerEntityManagerFactoryBean.java:366) ~[spring-orm-6.2.5.jar:6.2.5]
	at org.springframework.beans.factory.support.AbstractAutowireCapableBeanFactory.invokeInitMethods(AbstractAutowireCapableBeanFactory.java:1859) ~[spring-beans-6.2.5.jar:6.2.5]
	at org.springframework.beans.factory.support.AbstractAutowireCapableBeanFactory.initializeBean(AbstractAutowireCapableBeanFactory.java:1808) ~[spring-beans-6.2.5.jar:6.2.5]
	at org.springframework.beans.factory.support.AbstractAutowireCapableBeanFactory.doCreateBean(AbstractAutowireCapableBeanFactory.java:601) ~[spring-beans-6.2.5.jar:6.2.5]
	at org.springframework.beans.factory.support.AbstractAutowireCapableBeanFactory.createBean(AbstractAutowireCapableBeanFactory.java:523) ~[spring-beans-6.2.5.jar:6.2.5]
	at org.springframework.beans.factory.support.AbstractBeanFactory.lambda$doGetBean$0(AbstractBeanFactory.java:339) ~[spring-beans-6.2.5.jar:6.2.5]
	at org.springframework.beans.factory.support.DefaultSingletonBeanRegistry.getSingleton(DefaultSingletonBeanRegistry.java:347) ~[spring-beans-6.2.5.jar:6.2.5]
	at org.springframework.beans.factory.support.AbstractBeanFactory.doGetBean(AbstractBeanFactory.java:337) ~[spring-beans-6.2.5.jar:6.2.5]
	at org.springframework.beans.factory.support.AbstractBeanFactory.getBean(AbstractBeanFactory.java:207) ~[spring-beans-6.2.5.jar:6.2.5]
	at org.springframework.context.support.AbstractApplicationContext.finishBeanFactoryInitialization(AbstractApplicationContext.java:970) ~[spring-context-6.2.5.jar:6.2.5]
	at org.springframework.context.support.AbstractApplicationContext.refresh(AbstractApplicationContext.java:627) ~[spring-context-6.2.5.jar:6.2.5]
	at org.springframework.boot.web.servlet.context.ServletWebServerApplicationContext.refresh(ServletWebServerApplicationContext.java:146) ~[spring-boot-3.4.4.jar:3.4.4]
	at org.springframework.boot.SpringApplication.refresh(SpringApplication.java:752) ~[spring-boot-3.4.4.jar:3.4.4]
	at org.springframework.boot.SpringApplication.refreshContext(SpringApplication.java:439) ~[spring-boot-3.4.4.jar:3.4.4]
	at org.springframework.boot.SpringApplication.run(SpringApplication.java:318) ~[spring-boot-3.4.4.jar:3.4.4]
	at org.springframework.boot.SpringApplication.run(SpringApplication.java:1361) ~[spring-boot-3.4.4.jar:3.4.4]
	at org.springframework.boot.SpringApplication.run(SpringApplication.java:1350) ~[spring-boot-3.4.4.jar:3.4.4]
	at com.duoc.backend.BackendApplication.main(BackendApplication.java:10) ~[classes/:na]
Caused by: com.mysql.cj.exceptions.CJCommunicationsException: Communications link failure

The last packet sent successfully to the server was 0 milliseconds ago. The driver has not received any packets from the server.
	at java.base/jdk.internal.reflect.NativeConstructorAccessorImpl.newInstance0(Native Method) ~[na:na]
	at java.base/jdk.internal.reflect.NativeConstructorAccessorImpl.newInstance(NativeConstructorAccessorImpl.java:77) ~[na:na]
	at java.base/jdk.internal.reflect.DelegatingConstructorAccessorImpl.newInstance(DelegatingConstructorAccessorImpl.java:45) ~[na:na]
	at java.base/java.lang.reflect.Constructor.newInstanceWithCaller(Constructor.java:499) ~[na:na]
	at java.base/java.lang.reflect.Constructor.newInstance(Constructor.java:480) ~[na:na]
	at com.mysql.cj.exceptions.ExceptionFactory.createException(ExceptionFactory.java:52) ~[mysql-connector-j-9.1.0.jar:9.1.0]
	at com.mysql.cj.exceptions.ExceptionFactory.createException(ExceptionFactory.java:95) ~[mysql-connector-j-9.1.0.jar:9.1.0]
	at com.mysql.cj.exceptions.ExceptionFactory.createException(ExceptionFactory.java:140) ~[mysql-connector-j-9.1.0.jar:9.1.0]
	at com.mysql.cj.exceptions.ExceptionFactory.createCommunicationsException(ExceptionFactory.java:156) ~[mysql-connector-j-9.1.0.jar:9.1.0]
	at com.mysql.cj.protocol.a.NativeSocketConnection.connect(NativeSocketConnection.java:79) ~[mysql-connector-j-9.1.0.jar:9.1.0]
	at com.mysql.cj.NativeSession.connect(NativeSession.java:142) ~[mysql-connector-j-9.1.0.jar:9.1.0]
	at com.mysql.cj.jdbc.ConnectionImpl.connectOneTryOnly(ConnectionImpl.java:961) ~[mysql-connector-j-9.1.0.jar:9.1.0]
	at com.mysql.cj.jdbc.ConnectionImpl.createNewIO(ConnectionImpl.java:825) ~[mysql-connector-j-9.1.0.jar:9.1.0]
	... 48 common frames omitted
Caused by: java.net.UnknownHostException: mysql-cdy2203: nodename nor servname provided, or not known
	at java.base/java.net.Inet6AddressImpl.lookupAllHostAddr(Native Method) ~[na:na]
	at java.base/java.net.InetAddress$PlatformNameService.lookupAllHostAddr(InetAddress.java:934) ~[na:na]
	at java.base/java.net.InetAddress.getAddressesFromNameService(InetAddress.java:1543) ~[na:na]
	at java.base/java.net.InetAddress$NameServiceAddresses.get(InetAddress.java:852) ~[na:na]
	at java.base/java.net.InetAddress.getAllByName0(InetAddress.java:1533) ~[na:na]
	at java.base/java.net.InetAddress.getAllByName(InetAddress.java:1385) ~[na:na]
	at java.base/java.net.InetAddress.getAllByName(InetAddress.java:1306) ~[na:na]
	at com.mysql.cj.protocol.StandardSocketFactory.connect(StandardSocketFactory.java:121) ~[mysql-connector-j-9.1.0.jar:9.1.0]
	at com.mysql.cj.protocol.a.NativeSocketConnection.connect(NativeSocketConnection.java:53) ~[mysql-connector-j-9.1.0.jar:9.1.0]
	... 51 common frames omitted

2025-04-20T17:16:30.924-04:00  WARN 7900 --- [backend] [main] o.h.engine.jdbc.spi.SqlExceptionHelper   : SQL Error: 0, SQLState: 08S01
2025-04-20T17:16:30.924-04:00 ERROR 7900 --- [backend] [main] o.h.engine.jdbc.spi.SqlExceptionHelper   : Communications link failure

The last packet sent successfully to the server was 0 milliseconds ago. The driver has not received any packets from the server.
2025-04-20T17:16:30.926-04:00  WARN 7900 --- [backend] [main] o.h.e.j.e.i.JdbcEnvironmentInitiator     : HHH000342: Could not obtain connection to query metadata

org.hibernate.exception.JDBCConnectionException: unable to obtain isolated JDBC connection [Communications link failure

The last packet sent successfully to the server was 0 milliseconds ago. The driver has not received any packets from the server.] [n/a]
	at org.hibernate.exception.internal.SQLStateConversionDelegate.convert(SQLStateConversionDelegate.java:100) ~[hibernate-core-6.6.11.Final.jar:6.6.11.Final]
	at org.hibernate.exception.internal.StandardSQLExceptionConverter.convert(StandardSQLExceptionConverter.java:58) ~[hibernate-core-6.6.11.Final.jar:6.6.11.Final]
	at org.hibernate.engine.jdbc.spi.SqlExceptionHelper.convert(SqlExceptionHelper.java:108) ~[hibernate-core-6.6.11.Final.jar:6.6.11.Final]
	at org.hibernate.engine.jdbc.spi.SqlExceptionHelper.convert(SqlExceptionHelper.java:94) ~[hibernate-core-6.6.11.Final.jar:6.6.11.Final]
	at org.hibernate.resource.transaction.backend.jdbc.internal.JdbcIsolationDelegate.delegateWork(JdbcIsolationDelegate.java:116) ~[hibernate-core-6.6.11.Final.jar:6.6.11.Final]
	at org.hibernate.engine.jdbc.env.internal.JdbcEnvironmentInitiator.getJdbcEnvironmentUsingJdbcMetadata(JdbcEnvironmentInitiator.java:320) ~[hibernate-core-6.6.11.Final.jar:6.6.11.Final]
	at org.hibernate.engine.jdbc.env.internal.JdbcEnvironmentInitiator.initiateService(JdbcEnvironmentInitiator.java:129) ~[hibernate-core-6.6.11.Final.jar:6.6.11.Final]
	at org.hibernate.engine.jdbc.env.internal.JdbcEnvironmentInitiator.initiateService(JdbcEnvironmentInitiator.java:81) ~[hibernate-core-6.6.11.Final.jar:6.6.11.Final]
	at org.hibernate.boot.registry.internal.StandardServiceRegistryImpl.initiateService(StandardServiceRegistryImpl.java:130) ~[hibernate-core-6.6.11.Final.jar:6.6.11.Final]
	at org.hibernate.service.internal.AbstractServiceRegistryImpl.createService(AbstractServiceRegistryImpl.java:263) ~[hibernate-core-6.6.11.Final.jar:6.6.11.Final]
	at org.hibernate.service.internal.AbstractServiceRegistryImpl.initializeService(AbstractServiceRegistryImpl.java:238) ~[hibernate-core-6.6.11.Final.jar:6.6.11.Final]
	at org.hibernate.service.internal.AbstractServiceRegistryImpl.getService(AbstractServiceRegistryImpl.java:215) ~[hibernate-core-6.6.11.Final.jar:6.6.11.Final]
	at org.hibernate.boot.model.relational.Database.<init>(Database.java:45) ~[hibernate-core-6.6.11.Final.jar:6.6.11.Final]
	at org.hibernate.boot.internal.InFlightMetadataCollectorImpl.getDatabase(InFlightMetadataCollectorImpl.java:226) ~[hibernate-core-6.6.11.Final.jar:6.6.11.Final]
	at org.hibernate.boot.internal.InFlightMetadataCollectorImpl.<init>(InFlightMetadataCollectorImpl.java:194) ~[hibernate-core-6.6.11.Final.jar:6.6.11.Final]
	at org.hibernate.boot.model.process.spi.MetadataBuildingProcess.complete(MetadataBuildingProcess.java:171) ~[hibernate-core-6.6.11.Final.jar:6.6.11.Final]
	at org.hibernate.jpa.boot.internal.EntityManagerFactoryBuilderImpl.metadata(EntityManagerFactoryBuilderImpl.java:1442) ~[hibernate-core-6.6.11.Final.jar:6.6.11.Final]
	at org.hibernate.jpa.boot.internal.EntityManagerFactoryBuilderImpl.build(EntityManagerFactoryBuilderImpl.java:1513) ~[hibernate-core-6.6.11.Final.jar:6.6.11.Final]
	at org.springframework.orm.jpa.vendor.SpringHibernateJpaPersistenceProvider.createContainerEntityManagerFactory(SpringHibernateJpaPersistenceProvider.java:66) ~[spring-orm-6.2.5.jar:6.2.5]
	at org.springframework.orm.jpa.LocalContainerEntityManagerFactoryBean.createNativeEntityManagerFactory(LocalContainerEntityManagerFactoryBean.java:390) ~[spring-orm-6.2.5.jar:6.2.5]
	at org.springframework.orm.jpa.AbstractEntityManagerFactoryBean.buildNativeEntityManagerFactory(AbstractEntityManagerFactoryBean.java:419) ~[spring-orm-6.2.5.jar:6.2.5]
	at org.springframework.orm.jpa.AbstractEntityManagerFactoryBean.afterPropertiesSet(AbstractEntityManagerFactoryBean.java:400) ~[spring-orm-6.2.5.jar:6.2.5]
	at org.springframework.orm.jpa.LocalContainerEntityManagerFactoryBean.afterPropertiesSet(LocalContainerEntityManagerFactoryBean.java:366) ~[spring-orm-6.2.5.jar:6.2.5]
	at org.springframework.beans.factory.support.AbstractAutowireCapableBeanFactory.invokeInitMethods(AbstractAutowireCapableBeanFactory.java:1859) ~[spring-beans-6.2.5.jar:6.2.5]
	at org.springframework.beans.factory.support.AbstractAutowireCapableBeanFactory.initializeBean(AbstractAutowireCapableBeanFactory.java:1808) ~[spring-beans-6.2.5.jar:6.2.5]
	at org.springframework.beans.factory.support.AbstractAutowireCapableBeanFactory.doCreateBean(AbstractAutowireCapableBeanFactory.java:601) ~[spring-beans-6.2.5.jar:6.2.5]
	at org.springframework.beans.factory.support.AbstractAutowireCapableBeanFactory.createBean(AbstractAutowireCapableBeanFactory.java:523) ~[spring-beans-6.2.5.jar:6.2.5]
	at org.springframework.beans.factory.support.AbstractBeanFactory.lambda$doGetBean$0(AbstractBeanFactory.java:339) ~[spring-beans-6.2.5.jar:6.2.5]
	at org.springframework.beans.factory.support.DefaultSingletonBeanRegistry.getSingleton(DefaultSingletonBeanRegistry.java:347) ~[spring-beans-6.2.5.jar:6.2.5]
	at org.springframework.beans.factory.support.AbstractBeanFactory.doGetBean(AbstractBeanFactory.java:337) ~[spring-beans-6.2.5.jar:6.2.5]
	at org.springframework.beans.factory.support.AbstractBeanFactory.getBean(AbstractBeanFactory.java:207) ~[spring-beans-6.2.5.jar:6.2.5]
	at org.springframework.context.support.AbstractApplicationContext.finishBeanFactoryInitialization(AbstractApplicationContext.java:970) ~[spring-context-6.2.5.jar:6.2.5]
	at org.springframework.context.support.AbstractApplicationContext.refresh(AbstractApplicationContext.java:627) ~[spring-context-6.2.5.jar:6.2.5]
	at org.springframework.boot.web.servlet.context.ServletWebServerApplicationContext.refresh(ServletWebServerApplicationContext.java:146) ~[spring-boot-3.4.4.jar:3.4.4]
	at org.springframework.boot.SpringApplication.refresh(SpringApplication.java:752) ~[spring-boot-3.4.4.jar:3.4.4]
	at org.springframework.boot.SpringApplication.refreshContext(SpringApplication.java:439) ~[spring-boot-3.4.4.jar:3.4.4]
	at org.springframework.boot.SpringApplication.run(SpringApplication.java:318) ~[spring-boot-3.4.4.jar:3.4.4]
	at org.springframework.boot.SpringApplication.run(SpringApplication.java:1361) ~[spring-boot-3.4.4.jar:3.4.4]
	at org.springframework.boot.SpringApplication.run(SpringApplication.java:1350) ~[spring-boot-3.4.4.jar:3.4.4]
	at com.duoc.backend.BackendApplication.main(BackendApplication.java:10) ~[classes/:na]
Caused by: com.mysql.cj.jdbc.exceptions.CommunicationsException: Communications link failure

The last packet sent successfully to the server was 0 milliseconds ago. The driver has not received any packets from the server.
	at com.mysql.cj.jdbc.exceptions.SQLError.createCommunicationsException(SQLError.java:165) ~[mysql-connector-j-9.1.0.jar:9.1.0]
	at com.mysql.cj.jdbc.exceptions.SQLExceptionsMapping.translateException(SQLExceptionsMapping.java:55) ~[mysql-connector-j-9.1.0.jar:9.1.0]
	at com.mysql.cj.jdbc.ConnectionImpl.createNewIO(ConnectionImpl.java:837) ~[mysql-connector-j-9.1.0.jar:9.1.0]
	at com.mysql.cj.jdbc.ConnectionImpl.<init>(ConnectionImpl.java:420) ~[mysql-connector-j-9.1.0.jar:9.1.0]
	at com.mysql.cj.jdbc.ConnectionImpl.getInstance(ConnectionImpl.java:238) ~[mysql-connector-j-9.1.0.jar:9.1.0]
	at com.mysql.cj.jdbc.NonRegisteringDriver.connect(NonRegisteringDriver.java:180) ~[mysql-connector-j-9.1.0.jar:9.1.0]
	at com.zaxxer.hikari.util.DriverDataSource.getConnection(DriverDataSource.java:137) ~[HikariCP-5.1.0.jar:na]
	at com.zaxxer.hikari.pool.PoolBase.newConnection(PoolBase.java:360) ~[HikariCP-5.1.0.jar:na]
	at com.zaxxer.hikari.pool.PoolBase.newPoolEntry(PoolBase.java:202) ~[HikariCP-5.1.0.jar:na]
	at com.zaxxer.hikari.pool.HikariPool.createPoolEntry(HikariPool.java:461) ~[HikariCP-5.1.0.jar:na]
	at com.zaxxer.hikari.pool.HikariPool.checkFailFast(HikariPool.java:550) ~[HikariCP-5.1.0.jar:na]
	at com.zaxxer.hikari.pool.HikariPool.<init>(HikariPool.java:98) ~[HikariCP-5.1.0.jar:na]
	at com.zaxxer.hikari.HikariDataSource.getConnection(HikariDataSource.java:111) ~[HikariCP-5.1.0.jar:na]
	at org.hibernate.engine.jdbc.connections.internal.DatasourceConnectionProviderImpl.getConnection(DatasourceConnectionProviderImpl.java:126) ~[hibernate-core-6.6.11.Final.jar:6.6.11.Final]
	at org.hibernate.engine.jdbc.env.internal.JdbcEnvironmentInitiator$ConnectionProviderJdbcConnectionAccess.obtainConnection(JdbcEnvironmentInitiator.java:467) ~[hibernate-core-6.6.11.Final.jar:6.6.11.Final]
	at org.hibernate.resource.transaction.backend.jdbc.internal.JdbcIsolationDelegate.delegateWork(JdbcIsolationDelegate.java:61) ~[hibernate-core-6.6.11.Final.jar:6.6.11.Final]
	... 35 common frames omitted
Caused by: com.mysql.cj.exceptions.CJCommunicationsException: Communications link failure

The last packet sent successfully to the server was 0 milliseconds ago. The driver has not received any packets from the server.
	at java.base/jdk.internal.reflect.NativeConstructorAccessorImpl.newInstance0(Native Method) ~[na:na]
	at java.base/jdk.internal.reflect.NativeConstructorAccessorImpl.newInstance(NativeConstructorAccessorImpl.java:77) ~[na:na]
	at java.base/jdk.internal.reflect.DelegatingConstructorAccessorImpl.newInstance(DelegatingConstructorAccessorImpl.java:45) ~[na:na]
	at java.base/java.lang.reflect.Constructor.newInstanceWithCaller(Constructor.java:499) ~[na:na]
	at java.base/java.lang.reflect.Constructor.newInstance(Constructor.java:480) ~[na:na]
	at com.mysql.cj.exceptions.ExceptionFactory.createException(ExceptionFactory.java:52) ~[mysql-connector-j-9.1.0.jar:9.1.0]
	at com.mysql.cj.exceptions.ExceptionFactory.createException(ExceptionFactory.java:95) ~[mysql-connector-j-9.1.0.jar:9.1.0]
	at com.mysql.cj.exceptions.ExceptionFactory.createException(ExceptionFactory.java:140) ~[mysql-connector-j-9.1.0.jar:9.1.0]
	at com.mysql.cj.exceptions.ExceptionFactory.createCommunicationsException(ExceptionFactory.java:156) ~[mysql-connector-j-9.1.0.jar:9.1.0]
	at com.mysql.cj.protocol.a.NativeSocketConnection.connect(NativeSocketConnection.java:79) ~[mysql-connector-j-9.1.0.jar:9.1.0]
	at com.mysql.cj.NativeSession.connect(NativeSession.java:142) ~[mysql-connector-j-9.1.0.jar:9.1.0]
	at com.mysql.cj.jdbc.ConnectionImpl.connectOneTryOnly(ConnectionImpl.java:961) ~[mysql-connector-j-9.1.0.jar:9.1.0]
	at com.mysql.cj.jdbc.ConnectionImpl.createNewIO(ConnectionImpl.java:825) ~[mysql-connector-j-9.1.0.jar:9.1.0]
	... 48 common frames omitted
Caused by: java.net.UnknownHostException: mysql-cdy2203: nodename nor servname provided, or not known
	at java.base/java.net.Inet6AddressImpl.lookupAllHostAddr(Native Method) ~[na:na]
	at java.base/java.net.InetAddress$PlatformNameService.lookupAllHostAddr(InetAddress.java:934) ~[na:na]
	at java.base/java.net.InetAddress.getAddressesFromNameService(InetAddress.java:1543) ~[na:na]
	at java.base/java.net.InetAddress$NameServiceAddresses.get(InetAddress.java:852) ~[na:na]
	at java.base/java.net.InetAddress.getAllByName0(InetAddress.java:1533) ~[na:na]
	at java.base/java.net.InetAddress.getAllByName(InetAddress.java:1385) ~[na:na]
	at java.base/java.net.InetAddress.getAllByName(InetAddress.java:1306) ~[na:na]
	at com.mysql.cj.protocol.StandardSocketFactory.connect(StandardSocketFactory.java:121) ~[mysql-connector-j-9.1.0.jar:9.1.0]
	at com.mysql.cj.protocol.a.NativeSocketConnection.connect(NativeSocketConnection.java:53) ~[mysql-connector-j-9.1.0.jar:9.1.0]
	... 51 common frames omitted

2025-04-20T17:16:30.950-04:00  WARN 7900 --- [backend] [main] org.hibernate.orm.deprecation            : HHH90000025: MySQL8Dialect does not need to be specified explicitly using 'hibernate.dialect' (remove the property setting and it will be selected by default)
2025-04-20T17:16:30.951-04:00 DEBUG 7900 --- [backend] [main] org.hibernate.orm.dialect                : HHH035001: Using dialect: org.hibernate.dialect.MySQL8Dialect, version: 8.0
2025-04-20T17:16:30.951-04:00  WARN 7900 --- [backend] [main] org.hibernate.orm.deprecation            : HHH90000026: MySQL8Dialect has been deprecated; use org.hibernate.dialect.MySQLDialect instead
2025-04-20T17:16:30.953-04:00 DEBUG 7900 --- [backend] [main] o.h.e.j.env.spi.IdentifierHelperBuilder  : IdentifierCaseStrategy for both quoted and unquoted identifiers was set to the same strategy [MIXED]; that will likely lead to problems in schema update and validation if using quoted identifiers
2025-04-20T17:16:30.955-04:00 TRACE 7900 --- [backend] [main] .e.j.e.i.NormalizingIdentifierHelperImpl : Normalizing identifier quoting [null]
2025-04-20T17:16:30.957-04:00 DEBUG 7900 --- [backend] [main] org.hibernate.orm.jdbc.lob               : HHH10010002: Disabling contextual LOB creation as connection was null
2025-04-20T17:16:30.957-04:00 TRACE 7900 --- [backend] [main] o.h.s.i.AbstractServiceRegistryImpl      : Initializing service [role=org.hibernate.engine.jdbc.connections.spi.MultiTenantConnectionProvider]
2025-04-20T17:16:30.961-04:00  INFO 7900 --- [backend] [main] org.hibernate.orm.connections.pooling    : HHH10001005: Database info:
	Database JDBC URL [Connecting through datasource 'HikariDataSource (null)']
	Database driver: undefined/unknown
	Database version: 8.0
	Autocommit mode: undefined/unknown
	Isolation level: undefined/unknown
	Minimum pool size: undefined/unknown
	Maximum pool size: undefined/unknown
2025-04-20T17:16:30.962-04:00 TRACE 7900 --- [backend] [main] o.h.s.i.AbstractServiceRegistryImpl      : Initializing service [role=org.hibernate.engine.jdbc.spi.JdbcServices]
2025-04-20T17:16:30.962-04:00 TRACE 7900 --- [backend] [main] o.h.s.i.AbstractServiceRegistryImpl      : Initializing service [role=org.hibernate.engine.jdbc.spi.SqlStatementLogger]
2025-04-20T17:16:30.963-04:00 TRACE 7900 --- [backend] [main] o.h.s.i.AbstractServiceRegistryImpl      : Initializing service [role=org.hibernate.sql.ast.spi.ParameterMarkerStrategy]
2025-04-20T17:16:30.968-04:00 DEBUG 7900 --- [backend] [main] o.h.t.d.sql.spi.DdlTypeRegistry          : addDescriptor(12, org.hibernate.type.descriptor.sql.internal.CapacityDependentDdlType@28b5662d) replaced previous registration(org.hibernate.type.descriptor.sql.internal.CapacityDependentDdlType@34b2d51a)
2025-04-20T17:16:30.969-04:00 DEBUG 7900 --- [backend] [main] o.h.t.d.sql.spi.DdlTypeRegistry          : addDescriptor(-9, org.hibernate.type.descriptor.sql.internal.CapacityDependentDdlType@7e4ac598) replaced previous registration(org.hibernate.type.descriptor.sql.internal.CapacityDependentDdlType@cf10c92)
2025-04-20T17:16:30.969-04:00 DEBUG 7900 --- [backend] [main] o.h.t.d.sql.spi.DdlTypeRegistry          : addDescriptor(-3, org.hibernate.type.descriptor.sql.internal.CapacityDependentDdlType@f76872f) replaced previous registration(org.hibernate.type.descriptor.sql.internal.CapacityDependentDdlType@2d4e99de)
2025-04-20T17:16:30.969-04:00 DEBUG 7900 --- [backend] [main] o.h.t.d.sql.spi.DdlTypeRegistry          : addDescriptor(4003, org.hibernate.type.descriptor.sql.internal.DdlTypeImpl@580ffea) replaced previous registration(org.hibernate.type.descriptor.sql.internal.DdlTypeImpl@191e654)
2025-04-20T17:16:30.969-04:00 DEBUG 7900 --- [backend] [main] o.h.t.d.sql.spi.DdlTypeRegistry          : addDescriptor(4001, org.hibernate.type.descriptor.sql.internal.DdlTypeImpl@3a6556b6) replaced previous registration(org.hibernate.type.descriptor.sql.internal.DdlTypeImpl@63bca84d)
2025-04-20T17:16:30.969-04:00 DEBUG 7900 --- [backend] [main] o.h.t.d.sql.spi.DdlTypeRegistry          : addDescriptor(4002, org.hibernate.type.descriptor.sql.internal.DdlTypeImpl@6141647f) replaced previous registration(org.hibernate.type.descriptor.sql.internal.DdlTypeImpl@6f6c8d45)
2025-04-20T17:16:30.969-04:00 DEBUG 7900 --- [backend] [main] o.h.t.d.sql.spi.DdlTypeRegistry          : addDescriptor(2004, org.hibernate.type.descriptor.sql.internal.CapacityDependentDdlType@7f2ca6f8) replaced previous registration(org.hibernate.type.descriptor.sql.internal.DdlTypeImpl@79d49790)
2025-04-20T17:16:30.970-04:00 DEBUG 7900 --- [backend] [main] o.h.t.d.sql.spi.DdlTypeRegistry          : addDescriptor(2005, org.hibernate.type.descriptor.sql.internal.CapacityDependentDdlType@13dc6649) replaced previous registration(org.hibernate.type.descriptor.sql.internal.DdlTypeImpl@1851c7d2)
2025-04-20T17:16:30.970-04:00 DEBUG 7900 --- [backend] [main] o.h.t.d.sql.spi.DdlTypeRegistry          : addDescriptor(2011, org.hibernate.type.descriptor.sql.internal.CapacityDependentDdlType@250a946) replaced previous registration(org.hibernate.type.descriptor.sql.internal.DdlTypeImpl@5fe5c68b)
2025-04-20T17:16:30.971-04:00 DEBUG 7900 --- [backend] [main] o.h.t.d.jdbc.spi.JdbcTypeRegistry        : addDescriptor(NCharTypeDescriptor) replaced previous registration(CharTypeDescriptor)
2025-04-20T17:16:30.971-04:00 DEBUG 7900 --- [backend] [main] o.h.t.d.jdbc.spi.JdbcTypeRegistry        : addDescriptor(NVarcharTypeDescriptor) replaced previous registration(VarcharTypeDescriptor)
2025-04-20T17:16:30.971-04:00 DEBUG 7900 --- [backend] [main] o.h.t.d.jdbc.spi.JdbcTypeRegistry        : addDescriptor(LongNVarcharTypeDescriptor) replaced previous registration(LongVarcharTypeDescriptor)
2025-04-20T17:16:30.972-04:00 DEBUG 7900 --- [backend] [main] o.h.t.d.jdbc.spi.JdbcTypeRegistry        : addDescriptor(NClobTypeDescriptor(DEFAULT)) replaced previous registration(ClobTypeDescriptor(DEFAULT))
2025-04-20T17:16:30.974-04:00 DEBUG 7900 --- [backend] [main] org.hibernate.type.BasicTypeRegistry     : Adding type registration null -> org.hibernate.type.NullType@269308cc
2025-04-20T17:16:30.974-04:00 DEBUG 7900 --- [backend] [main] org.hibernate.type.BasicTypeRegistry     : Type registration key [null] overrode previous entry : `org.hibernate.type.NullType@3711c71c`
2025-04-20T17:16:30.976-04:00 DEBUG 7900 --- [backend] [main] org.hibernate.type.BasicTypeRegistry     : Adding type registration org.hibernate.type.DurationType -> basicType@1(java.time.Duration,3015)
2025-04-20T17:16:30.976-04:00 DEBUG 7900 --- [backend] [main] org.hibernate.type.BasicTypeRegistry     : Adding type registration Duration -> basicType@1(java.time.Duration,3015)
2025-04-20T17:16:30.976-04:00 DEBUG 7900 --- [backend] [main] org.hibernate.type.BasicTypeRegistry     : Adding type registration java.time.Duration -> basicType@1(java.time.Duration,3015)
2025-04-20T17:16:30.978-04:00 DEBUG 7900 --- [backend] [main] org.hibernate.type.BasicTypeRegistry     : Adding type registration org.hibernate.type.OffsetDateTimeType -> basicType@2(java.time.OffsetDateTime,3003)
2025-04-20T17:16:30.978-04:00 DEBUG 7900 --- [backend] [main] org.hibernate.type.BasicTypeRegistry     : Adding type registration OffsetDateTime -> basicType@2(java.time.OffsetDateTime,3003)
2025-04-20T17:16:30.978-04:00 DEBUG 7900 --- [backend] [main] org.hibernate.type.BasicTypeRegistry     : Adding type registration java.time.OffsetDateTime -> basicType@2(java.time.OffsetDateTime,3003)
2025-04-20T17:16:30.978-04:00 DEBUG 7900 --- [backend] [main] org.hibernate.type.BasicTypeRegistry     : Adding type registration org.hibernate.type.ZonedDateTimeType -> basicType@3(java.time.ZonedDateTime,3003)
2025-04-20T17:16:30.978-04:00 DEBUG 7900 --- [backend] [main] org.hibernate.type.BasicTypeRegistry     : Adding type registration ZonedDateTime -> basicType@3(java.time.ZonedDateTime,3003)
2025-04-20T17:16:30.978-04:00 DEBUG 7900 --- [backend] [main] org.hibernate.type.BasicTypeRegistry     : Adding type registration java.time.ZonedDateTime -> basicType@3(java.time.ZonedDateTime,3003)
2025-04-20T17:16:30.979-04:00 DEBUG 7900 --- [backend] [main] org.hibernate.type.BasicTypeRegistry     : Adding type registration org.hibernate.type.OffsetTimeType -> basicType@4(java.time.OffsetTime,3007)
2025-04-20T17:16:30.979-04:00 DEBUG 7900 --- [backend] [main] org.hibernate.type.BasicTypeRegistry     : Adding type registration OffsetTime -> basicType@4(java.time.OffsetTime,3007)
2025-04-20T17:16:30.979-04:00 DEBUG 7900 --- [backend] [main] org.hibernate.type.BasicTypeRegistry     : Adding type registration java.time.OffsetTime -> basicType@4(java.time.OffsetTime,3007)
2025-04-20T17:16:30.980-04:00 DEBUG 7900 --- [backend] [main] o.h.type.spi.TypeConfiguration$Scope     : Scoping TypeConfiguration [org.hibernate.type.spi.TypeConfiguration@5d96d434] to MetadataBuildingContext [org.hibernate.boot.internal.MetadataBuildingContextRootImpl@7283877]
2025-04-20T17:16:30.998-04:00 DEBUG 7900 --- [backend] [main] o.h.boot.model.relational.Namespace      : Created database namespace [logicalName=Name{catalog=null, schema=null}, physicalName=Name{catalog=null, schema=null}]
2025-04-20T17:16:31.010-04:00 DEBUG 7900 --- [backend] [main] o.h.boot.model.internal.EntityBinder     : Binding entity from annotated class: com.duoc.backend.Appointment.Appointment
2025-04-20T17:16:31.013-04:00 DEBUG 7900 --- [backend] [main] o.h.boot.model.internal.EntityBinder     : Import with entity name Appointment
2025-04-20T17:16:31.013-04:00 TRACE 7900 --- [backend] [main] o.h.b.i.InFlightMetadataCollectorImpl    : Import: Appointment -> com.duoc.backend.Appointment.Appointment
2025-04-20T17:16:31.013-04:00 TRACE 7900 --- [backend] [main] o.h.b.i.InFlightMetadataCollectorImpl    : Import: com.duoc.backend.Appointment.Appointment -> com.duoc.backend.Appointment.Appointment
2025-04-20T17:16:31.013-04:00 TRACE 7900 --- [backend] [main] .e.j.e.i.NormalizingIdentifierHelperImpl : Normalizing identifier quoting [Appointment]
2025-04-20T17:16:31.014-04:00 TRACE 7900 --- [backend] [main] .e.j.e.i.NormalizingIdentifierHelperImpl : Normalizing identifier quoting [Appointment]
2025-04-20T17:16:31.016-04:00 DEBUG 7900 --- [backend] [main] o.h.boot.model.internal.EntityBinder     : Bind entity com.duoc.backend.Appointment.Appointment on table appointment
2025-04-20T17:16:31.020-04:00 TRACE 7900 --- [backend] [main] .e.j.e.i.NormalizingIdentifierHelperImpl : Normalizing identifier quoting [DTYPE]
2025-04-20T17:16:31.020-04:00 DEBUG 7900 --- [backend] [main] o.h.boot.model.internal.AnnotatedColumn  : Binding column: AnnotatedDiscriminatorColumn(column='DTYPE')
2025-04-20T17:16:31.024-04:00 TRACE 7900 --- [backend] [main] o.h.boot.model.internal.PropertyBinder   : Processing annotations of com.duoc.backend.Appointment.Appointment.id
2025-04-20T17:16:31.026-04:00 TRACE 7900 --- [backend] [main] .e.j.e.i.NormalizingIdentifierHelperImpl : Normalizing identifier quoting [id]
2025-04-20T17:16:31.026-04:00 TRACE 7900 --- [backend] [main] .e.j.e.i.NormalizingIdentifierHelperImpl : Normalizing identifier quoting [id]
2025-04-20T17:16:31.026-04:00 DEBUG 7900 --- [backend] [main] o.h.boot.model.internal.AnnotatedColumn  : Binding column: AnnotatedColumn()
2025-04-20T17:16:31.026-04:00 DEBUG 7900 --- [backend] [main] o.h.boot.internal.ClassLoaderAccessImpl  : Not known whether passed class name [com.duoc.backend.Appointment.Appointment] is safe
2025-04-20T17:16:31.026-04:00 DEBUG 7900 --- [backend] [main] o.h.boot.internal.ClassLoaderAccessImpl  : No temp ClassLoader provided; using live ClassLoader for loading potentially unsafe class : com.duoc.backend.Appointment.Appointment
2025-04-20T17:16:31.029-04:00 DEBUG 7900 --- [backend] [main] o.h.boot.model.internal.PropertyBinder   : MetadataSourceProcessor property id with lazy=false
2025-04-20T17:16:31.031-04:00 DEBUG 7900 --- [backend] [main] o.h.b.m.internal.AbstractPropertyHolder  : Attempting to locate auto-apply AttributeConverter for property [com.duoc.backend.Appointment.Appointment:id]
2025-04-20T17:16:31.032-04:00 DEBUG 7900 --- [backend] [main] o.h.b.model.internal.BasicValueBinder    : building BasicValue for id
2025-04-20T17:16:31.033-04:00 DEBUG 7900 --- [backend] [main] org.hibernate.mapping.BasicValue         : Skipping column re-registration: appointment.id
2025-04-20T17:16:31.034-04:00 TRACE 7900 --- [backend] [main] .e.j.e.i.NormalizingIdentifierHelperImpl : Normalizing identifier quoting [id]
2025-04-20T17:16:31.034-04:00 TRACE 7900 --- [backend] [main] .e.j.e.i.NormalizingIdentifierHelperImpl : Normalizing identifier quoting [id]
2025-04-20T17:16:31.034-04:00 TRACE 7900 --- [backend] [main] .e.j.e.i.NormalizingIdentifierHelperImpl : Normalizing identifier quoting [id]
2025-04-20T17:16:31.034-04:00 DEBUG 7900 --- [backend] [main] o.h.boot.model.internal.PropertyBinder   : Building property id
2025-04-20T17:16:31.034-04:00 TRACE 7900 --- [backend] [main] o.h.boot.model.internal.PropertyBinder   : Cascading id with null
2025-04-20T17:16:31.035-04:00 DEBUG 7900 --- [backend] [main] o.h.boot.model.internal.BinderHelper     : #makeIdGenerator(BasicValue([Column(id)]), id, org.hibernate.id.enhanced.SequenceStyleGenerator, , ...)
2025-04-20T17:16:31.036-04:00 TRACE 7900 --- [backend] [main] o.h.boot.model.internal.PropertyBinder   : Bind @Id on id
2025-04-20T17:16:31.036-04:00 TRACE 7900 --- [backend] [main] o.h.boot.model.internal.PropertyBinder   : Processing annotations of com.duoc.backend.Appointment.Appointment.date
2025-04-20T17:16:31.036-04:00 TRACE 7900 --- [backend] [main] .e.j.e.i.NormalizingIdentifierHelperImpl : Normalizing identifier quoting [date]
2025-04-20T17:16:31.036-04:00 TRACE 7900 --- [backend] [main] .e.j.e.i.NormalizingIdentifierHelperImpl : Normalizing identifier quoting [date]
2025-04-20T17:16:31.036-04:00 DEBUG 7900 --- [backend] [main] o.h.boot.model.internal.AnnotatedColumn  : Binding column: AnnotatedColumn()
2025-04-20T17:16:31.036-04:00 DEBUG 7900 --- [backend] [main] o.h.boot.model.internal.PropertyBinder   : MetadataSourceProcessor property date with lazy=false
2025-04-20T17:16:31.036-04:00 DEBUG 7900 --- [backend] [main] o.h.b.m.internal.AbstractPropertyHolder  : Attempting to locate auto-apply AttributeConverter for property [com.duoc.backend.Appointment.Appointment:date]
2025-04-20T17:16:31.036-04:00 DEBUG 7900 --- [backend] [main] o.h.b.model.internal.BasicValueBinder    : building BasicValue for date
2025-04-20T17:16:31.036-04:00 DEBUG 7900 --- [backend] [main] org.hibernate.mapping.BasicValue         : Skipping column re-registration: appointment.date
2025-04-20T17:16:31.036-04:00 TRACE 7900 --- [backend] [main] .e.j.e.i.NormalizingIdentifierHelperImpl : Normalizing identifier quoting [date]
2025-04-20T17:16:31.036-04:00 TRACE 7900 --- [backend] [main] .e.j.e.i.NormalizingIdentifierHelperImpl : Normalizing identifier quoting [date]
2025-04-20T17:16:31.036-04:00 TRACE 7900 --- [backend] [main] .e.j.e.i.NormalizingIdentifierHelperImpl : Normalizing identifier quoting [date]
2025-04-20T17:16:31.036-04:00 DEBUG 7900 --- [backend] [main] o.h.boot.model.internal.PropertyBinder   : Building property date
2025-04-20T17:16:31.037-04:00 TRACE 7900 --- [backend] [main] o.h.boot.model.internal.PropertyBinder   : Cascading date with null
2025-04-20T17:16:31.037-04:00 TRACE 7900 --- [backend] [main] o.h.boot.model.internal.PropertyBinder   : Processing annotations of com.duoc.backend.Appointment.Appointment.reason
2025-04-20T17:16:31.037-04:00 TRACE 7900 --- [backend] [main] .e.j.e.i.NormalizingIdentifierHelperImpl : Normalizing identifier quoting [reason]
2025-04-20T17:16:31.037-04:00 TRACE 7900 --- [backend] [main] .e.j.e.i.NormalizingIdentifierHelperImpl : Normalizing identifier quoting [reason]
2025-04-20T17:16:31.037-04:00 DEBUG 7900 --- [backend] [main] o.h.boot.model.internal.AnnotatedColumn  : Binding column: AnnotatedColumn()
2025-04-20T17:16:31.037-04:00 DEBUG 7900 --- [backend] [main] o.h.boot.model.internal.PropertyBinder   : MetadataSourceProcessor property reason with lazy=false
2025-04-20T17:16:31.037-04:00 DEBUG 7900 --- [backend] [main] o.h.b.m.internal.AbstractPropertyHolder  : Attempting to locate auto-apply AttributeConverter for property [com.duoc.backend.Appointment.Appointment:reason]
2025-04-20T17:16:31.037-04:00 DEBUG 7900 --- [backend] [main] o.h.b.model.internal.BasicValueBinder    : building BasicValue for reason
2025-04-20T17:16:31.037-04:00 DEBUG 7900 --- [backend] [main] org.hibernate.mapping.BasicValue         : Skipping column re-registration: appointment.reason
2025-04-20T17:16:31.037-04:00 TRACE 7900 --- [backend] [main] .e.j.e.i.NormalizingIdentifierHelperImpl : Normalizing identifier quoting [reason]
2025-04-20T17:16:31.037-04:00 TRACE 7900 --- [backend] [main] .e.j.e.i.NormalizingIdentifierHelperImpl : Normalizing identifier quoting [reason]
2025-04-20T17:16:31.037-04:00 TRACE 7900 --- [backend] [main] .e.j.e.i.NormalizingIdentifierHelperImpl : Normalizing identifier quoting [reason]
2025-04-20T17:16:31.037-04:00 DEBUG 7900 --- [backend] [main] o.h.boot.model.internal.PropertyBinder   : Building property reason
2025-04-20T17:16:31.037-04:00 TRACE 7900 --- [backend] [main] o.h.boot.model.internal.PropertyBinder   : Cascading reason with null
2025-04-20T17:16:31.037-04:00 TRACE 7900 --- [backend] [main] o.h.boot.model.internal.PropertyBinder   : Processing annotations of com.duoc.backend.Appointment.Appointment.time
2025-04-20T17:16:31.037-04:00 TRACE 7900 --- [backend] [main] .e.j.e.i.NormalizingIdentifierHelperImpl : Normalizing identifier quoting [time]
2025-04-20T17:16:31.037-04:00 TRACE 7900 --- [backend] [main] .e.j.e.i.NormalizingIdentifierHelperImpl : Normalizing identifier quoting [time]
2025-04-20T17:16:31.037-04:00 DEBUG 7900 --- [backend] [main] o.h.boot.model.internal.AnnotatedColumn  : Binding column: AnnotatedColumn()
2025-04-20T17:16:31.037-04:00 DEBUG 7900 --- [backend] [main] o.h.boot.model.internal.PropertyBinder   : MetadataSourceProcessor property time with lazy=false
2025-04-20T17:16:31.037-04:00 DEBUG 7900 --- [backend] [main] o.h.b.m.internal.AbstractPropertyHolder  : Attempting to locate auto-apply AttributeConverter for property [com.duoc.backend.Appointment.Appointment:time]
2025-04-20T17:16:31.037-04:00 DEBUG 7900 --- [backend] [main] o.h.b.model.internal.BasicValueBinder    : building BasicValue for time
2025-04-20T17:16:31.037-04:00 DEBUG 7900 --- [backend] [main] org.hibernate.mapping.BasicValue         : Skipping column re-registration: appointment.time
2025-04-20T17:16:31.037-04:00 TRACE 7900 --- [backend] [main] .e.j.e.i.NormalizingIdentifierHelperImpl : Normalizing identifier quoting [time]
2025-04-20T17:16:31.038-04:00 TRACE 7900 --- [backend] [main] .e.j.e.i.NormalizingIdentifierHelperImpl : Normalizing identifier quoting [time]
2025-04-20T17:16:31.038-04:00 TRACE 7900 --- [backend] [main] .e.j.e.i.NormalizingIdentifierHelperImpl : Normalizing identifier quoting [time]
2025-04-20T17:16:31.038-04:00 DEBUG 7900 --- [backend] [main] o.h.boot.model.internal.PropertyBinder   : Building property time
2025-04-20T17:16:31.038-04:00 TRACE 7900 --- [backend] [main] o.h.boot.model.internal.PropertyBinder   : Cascading time with null
2025-04-20T17:16:31.038-04:00 TRACE 7900 --- [backend] [main] o.h.boot.model.internal.PropertyBinder   : Processing annotations of com.duoc.backend.Appointment.Appointment.veterinarian
2025-04-20T17:16:31.038-04:00 TRACE 7900 --- [backend] [main] .e.j.e.i.NormalizingIdentifierHelperImpl : Normalizing identifier quoting [veterinarian]
2025-04-20T17:16:31.038-04:00 TRACE 7900 --- [backend] [main] .e.j.e.i.NormalizingIdentifierHelperImpl : Normalizing identifier quoting [veterinarian]
2025-04-20T17:16:31.038-04:00 DEBUG 7900 --- [backend] [main] o.h.boot.model.internal.AnnotatedColumn  : Binding column: AnnotatedColumn()
2025-04-20T17:16:31.038-04:00 DEBUG 7900 --- [backend] [main] o.h.boot.model.internal.PropertyBinder   : MetadataSourceProcessor property veterinarian with lazy=false
2025-04-20T17:16:31.038-04:00 DEBUG 7900 --- [backend] [main] o.h.b.m.internal.AbstractPropertyHolder  : Attempting to locate auto-apply AttributeConverter for property [com.duoc.backend.Appointment.Appointment:veterinarian]
2025-04-20T17:16:31.038-04:00 DEBUG 7900 --- [backend] [main] o.h.b.model.internal.BasicValueBinder    : building BasicValue for veterinarian
2025-04-20T17:16:31.038-04:00 DEBUG 7900 --- [backend] [main] org.hibernate.mapping.BasicValue         : Skipping column re-registration: appointment.veterinarian
2025-04-20T17:16:31.038-04:00 TRACE 7900 --- [backend] [main] .e.j.e.i.NormalizingIdentifierHelperImpl : Normalizing identifier quoting [veterinarian]
2025-04-20T17:16:31.038-04:00 TRACE 7900 --- [backend] [main] .e.j.e.i.NormalizingIdentifierHelperImpl : Normalizing identifier quoting [veterinarian]
2025-04-20T17:16:31.038-04:00 TRACE 7900 --- [backend] [main] .e.j.e.i.NormalizingIdentifierHelperImpl : Normalizing identifier quoting [veterinarian]
2025-04-20T17:16:31.038-04:00 DEBUG 7900 --- [backend] [main] o.h.boot.model.internal.PropertyBinder   : Building property veterinarian
2025-04-20T17:16:31.038-04:00 TRACE 7900 --- [backend] [main] o.h.boot.model.internal.PropertyBinder   : Cascading veterinarian with null
2025-04-20T17:16:31.039-04:00 DEBUG 7900 --- [backend] [main] o.h.b.r.c.i.ClassLoaderServiceImpl       : HHH000194: Package not found or no package-info.java: com.duoc.backend.Appointment
2025-04-20T17:16:31.041-04:00 DEBUG 7900 --- [backend] [main] o.h.boot.model.internal.EntityBinder     : Binding entity from annotated class: com.duoc.backend.Care.Care
2025-04-20T17:16:31.041-04:00 DEBUG 7900 --- [backend] [main] o.h.boot.model.internal.EntityBinder     : Import with entity name Care
2025-04-20T17:16:31.041-04:00 TRACE 7900 --- [backend] [main] o.h.b.i.InFlightMetadataCollectorImpl    : Import: Care -> com.duoc.backend.Care.Care
2025-04-20T17:16:31.041-04:00 TRACE 7900 --- [backend] [main] o.h.b.i.InFlightMetadataCollectorImpl    : Import: com.duoc.backend.Care.Care -> com.duoc.backend.Care.Care
2025-04-20T17:16:31.041-04:00 TRACE 7900 --- [backend] [main] .e.j.e.i.NormalizingIdentifierHelperImpl : Normalizing identifier quoting [Care]
2025-04-20T17:16:31.041-04:00 TRACE 7900 --- [backend] [main] .e.j.e.i.NormalizingIdentifierHelperImpl : Normalizing identifier quoting [Care]
2025-04-20T17:16:31.041-04:00 DEBUG 7900 --- [backend] [main] o.h.boot.model.internal.EntityBinder     : Bind entity com.duoc.backend.Care.Care on table care
2025-04-20T17:16:31.041-04:00 TRACE 7900 --- [backend] [main] .e.j.e.i.NormalizingIdentifierHelperImpl : Normalizing identifier quoting [DTYPE]
2025-04-20T17:16:31.041-04:00 DEBUG 7900 --- [backend] [main] o.h.boot.model.internal.AnnotatedColumn  : Binding column: AnnotatedDiscriminatorColumn(column='DTYPE')
2025-04-20T17:16:31.042-04:00 TRACE 7900 --- [backend] [main] o.h.boot.model.internal.PropertyBinder   : Processing annotations of com.duoc.backend.Care.Care.id
2025-04-20T17:16:31.042-04:00 TRACE 7900 --- [backend] [main] .e.j.e.i.NormalizingIdentifierHelperImpl : Normalizing identifier quoting [id]
2025-04-20T17:16:31.042-04:00 TRACE 7900 --- [backend] [main] .e.j.e.i.NormalizingIdentifierHelperImpl : Normalizing identifier quoting [id]
2025-04-20T17:16:31.042-04:00 DEBUG 7900 --- [backend] [main] o.h.boot.model.internal.AnnotatedColumn  : Binding column: AnnotatedColumn()
2025-04-20T17:16:31.042-04:00 DEBUG 7900 --- [backend] [main] o.h.boot.internal.ClassLoaderAccessImpl  : Not known whether passed class name [com.duoc.backend.Care.Care] is safe
2025-04-20T17:16:31.042-04:00 DEBUG 7900 --- [backend] [main] o.h.boot.internal.ClassLoaderAccessImpl  : No temp ClassLoader provided; using live ClassLoader for loading potentially unsafe class : com.duoc.backend.Care.Care
2025-04-20T17:16:31.042-04:00 DEBUG 7900 --- [backend] [main] o.h.boot.model.internal.PropertyBinder   : MetadataSourceProcessor property id with lazy=false
2025-04-20T17:16:31.042-04:00 DEBUG 7900 --- [backend] [main] o.h.b.m.internal.AbstractPropertyHolder  : Attempting to locate auto-apply AttributeConverter for property [com.duoc.backend.Care.Care:id]
2025-04-20T17:16:31.042-04:00 DEBUG 7900 --- [backend] [main] o.h.b.model.internal.BasicValueBinder    : building BasicValue for id
2025-04-20T17:16:31.042-04:00 DEBUG 7900 --- [backend] [main] org.hibernate.mapping.BasicValue         : Skipping column re-registration: care.id
2025-04-20T17:16:31.042-04:00 TRACE 7900 --- [backend] [main] .e.j.e.i.NormalizingIdentifierHelperImpl : Normalizing identifier quoting [id]
2025-04-20T17:16:31.042-04:00 TRACE 7900 --- [backend] [main] .e.j.e.i.NormalizingIdentifierHelperImpl : Normalizing identifier quoting [id]
2025-04-20T17:16:31.042-04:00 TRACE 7900 --- [backend] [main] .e.j.e.i.NormalizingIdentifierHelperImpl : Normalizing identifier quoting [id]
2025-04-20T17:16:31.042-04:00 DEBUG 7900 --- [backend] [main] o.h.boot.model.internal.PropertyBinder   : Building property id
2025-04-20T17:16:31.042-04:00 TRACE 7900 --- [backend] [main] o.h.boot.model.internal.PropertyBinder   : Cascading id with null
2025-04-20T17:16:31.042-04:00 DEBUG 7900 --- [backend] [main] o.h.boot.model.internal.BinderHelper     : #makeIdGenerator(BasicValue([Column(id)]), id, org.hibernate.id.enhanced.SequenceStyleGenerator, , ...)
2025-04-20T17:16:31.042-04:00 TRACE 7900 --- [backend] [main] o.h.boot.model.internal.PropertyBinder   : Bind @Id on id
2025-04-20T17:16:31.043-04:00 TRACE 7900 --- [backend] [main] o.h.boot.model.internal.PropertyBinder   : Processing annotations of com.duoc.backend.Care.Care.cost
2025-04-20T17:16:31.043-04:00 TRACE 7900 --- [backend] [main] .e.j.e.i.NormalizingIdentifierHelperImpl : Normalizing identifier quoting [cost]
2025-04-20T17:16:31.043-04:00 TRACE 7900 --- [backend] [main] .e.j.e.i.NormalizingIdentifierHelperImpl : Normalizing identifier quoting [cost]
2025-04-20T17:16:31.043-04:00 DEBUG 7900 --- [backend] [main] o.h.boot.model.internal.AnnotatedColumn  : Binding column: AnnotatedColumn()
2025-04-20T17:16:31.043-04:00 DEBUG 7900 --- [backend] [main] o.h.boot.model.internal.PropertyBinder   : MetadataSourceProcessor property cost with lazy=false
2025-04-20T17:16:31.043-04:00 DEBUG 7900 --- [backend] [main] o.h.b.m.internal.AbstractPropertyHolder  : Attempting to locate auto-apply AttributeConverter for property [com.duoc.backend.Care.Care:cost]
2025-04-20T17:16:31.043-04:00 DEBUG 7900 --- [backend] [main] o.h.b.model.internal.BasicValueBinder    : building BasicValue for cost
2025-04-20T17:16:31.043-04:00 DEBUG 7900 --- [backend] [main] org.hibernate.mapping.BasicValue         : Skipping column re-registration: care.cost
2025-04-20T17:16:31.043-04:00 TRACE 7900 --- [backend] [main] .e.j.e.i.NormalizingIdentifierHelperImpl : Normalizing identifier quoting [cost]
2025-04-20T17:16:31.043-04:00 TRACE 7900 --- [backend] [main] .e.j.e.i.NormalizingIdentifierHelperImpl : Normalizing identifier quoting [cost]
2025-04-20T17:16:31.043-04:00 TRACE 7900 --- [backend] [main] .e.j.e.i.NormalizingIdentifierHelperImpl : Normalizing identifier quoting [cost]
2025-04-20T17:16:31.043-04:00 DEBUG 7900 --- [backend] [main] o.h.boot.model.internal.PropertyBinder   : Building property cost
2025-04-20T17:16:31.043-04:00 TRACE 7900 --- [backend] [main] o.h.boot.model.internal.PropertyBinder   : Cascading cost with null
2025-04-20T17:16:31.043-04:00 TRACE 7900 --- [backend] [main] o.h.boot.model.internal.PropertyBinder   : Processing annotations of com.duoc.backend.Care.Care.name
2025-04-20T17:16:31.043-04:00 TRACE 7900 --- [backend] [main] .e.j.e.i.NormalizingIdentifierHelperImpl : Normalizing identifier quoting [name]
2025-04-20T17:16:31.043-04:00 TRACE 7900 --- [backend] [main] .e.j.e.i.NormalizingIdentifierHelperImpl : Normalizing identifier quoting [name]
2025-04-20T17:16:31.043-04:00 DEBUG 7900 --- [backend] [main] o.h.boot.model.internal.AnnotatedColumn  : Binding column: AnnotatedColumn()
2025-04-20T17:16:31.043-04:00 DEBUG 7900 --- [backend] [main] o.h.boot.model.internal.PropertyBinder   : MetadataSourceProcessor property name with lazy=false
2025-04-20T17:16:31.043-04:00 DEBUG 7900 --- [backend] [main] o.h.b.m.internal.AbstractPropertyHolder  : Attempting to locate auto-apply AttributeConverter for property [com.duoc.backend.Care.Care:name]
2025-04-20T17:16:31.043-04:00 DEBUG 7900 --- [backend] [main] o.h.b.model.internal.BasicValueBinder    : building BasicValue for name
2025-04-20T17:16:31.043-04:00 DEBUG 7900 --- [backend] [main] org.hibernate.mapping.BasicValue         : Skipping column re-registration: care.name
2025-04-20T17:16:31.043-04:00 TRACE 7900 --- [backend] [main] .e.j.e.i.NormalizingIdentifierHelperImpl : Normalizing identifier quoting [name]
2025-04-20T17:16:31.043-04:00 TRACE 7900 --- [backend] [main] .e.j.e.i.NormalizingIdentifierHelperImpl : Normalizing identifier quoting [name]
2025-04-20T17:16:31.043-04:00 TRACE 7900 --- [backend] [main] .e.j.e.i.NormalizingIdentifierHelperImpl : Normalizing identifier quoting [name]
2025-04-20T17:16:31.043-04:00 DEBUG 7900 --- [backend] [main] o.h.boot.model.internal.PropertyBinder   : Building property name
2025-04-20T17:16:31.043-04:00 TRACE 7900 --- [backend] [main] o.h.boot.model.internal.PropertyBinder   : Cascading name with null
2025-04-20T17:16:31.044-04:00 DEBUG 7900 --- [backend] [main] o.h.b.r.c.i.ClassLoaderServiceImpl       : HHH000194: Package not found or no package-info.java: com.duoc.backend.Care
2025-04-20T17:16:31.044-04:00 DEBUG 7900 --- [backend] [main] o.h.boot.model.internal.EntityBinder     : Binding entity from annotated class: com.duoc.backend.Invoice.Invoice
2025-04-20T17:16:31.044-04:00 DEBUG 7900 --- [backend] [main] o.h.boot.model.internal.EntityBinder     : Import with entity name Invoice
2025-04-20T17:16:31.044-04:00 TRACE 7900 --- [backend] [main] o.h.b.i.InFlightMetadataCollectorImpl    : Import: Invoice -> com.duoc.backend.Invoice.Invoice
2025-04-20T17:16:31.044-04:00 TRACE 7900 --- [backend] [main] o.h.b.i.InFlightMetadataCollectorImpl    : Import: com.duoc.backend.Invoice.Invoice -> com.duoc.backend.Invoice.Invoice
2025-04-20T17:16:31.044-04:00 TRACE 7900 --- [backend] [main] .e.j.e.i.NormalizingIdentifierHelperImpl : Normalizing identifier quoting [Invoice]
2025-04-20T17:16:31.044-04:00 TRACE 7900 --- [backend] [main] .e.j.e.i.NormalizingIdentifierHelperImpl : Normalizing identifier quoting [Invoice]
2025-04-20T17:16:31.044-04:00 DEBUG 7900 --- [backend] [main] o.h.boot.model.internal.EntityBinder     : Bind entity com.duoc.backend.Invoice.Invoice on table invoice
2025-04-20T17:16:31.044-04:00 TRACE 7900 --- [backend] [main] .e.j.e.i.NormalizingIdentifierHelperImpl : Normalizing identifier quoting [DTYPE]
2025-04-20T17:16:31.044-04:00 DEBUG 7900 --- [backend] [main] o.h.boot.model.internal.AnnotatedColumn  : Binding column: AnnotatedDiscriminatorColumn(column='DTYPE')
2025-04-20T17:16:31.045-04:00 DEBUG 7900 --- [backend] [main] o.hibernate.service.spi.ServiceBinding   : Overriding existing service binding [org.hibernate.engine.jdbc.connections.spi.ConnectionProvider]
2025-04-20T17:16:31.045-04:00  WARN 7900 --- [backend] [main] ConfigServletWebServerApplicationContext : Exception encountered during context initialization - cancelling refresh attempt: org.springframework.beans.factory.BeanCreationException: Error creating bean with name 'entityManagerFactory' defined in class path resource [org/springframework/boot/autoconfigure/orm/jpa/HibernateJpaConfiguration.class]: Type Care not present
2025-04-20T17:16:31.047-04:00  INFO 7900 --- [backend] [main] o.apache.catalina.core.StandardService   : Stopping service [Tomcat]
2025-04-20T17:16:31.054-04:00  INFO 7900 --- [backend] [main] .s.b.a.l.ConditionEvaluationReportLogger : 

Error starting ApplicationContext. To display the condition evaluation report re-run your application with 'debug' enabled.
2025-04-20T17:16:31.063-04:00 ERROR 7900 --- [backend] [main] o.s.boot.SpringApplication               : Application run failed

org.springframework.beans.factory.BeanCreationException: Error creating bean with name 'entityManagerFactory' defined in class path resource [org/springframework/boot/autoconfigure/orm/jpa/HibernateJpaConfiguration.class]: Type Care not present
	at org.springframework.beans.factory.support.AbstractAutowireCapableBeanFactory.initializeBean(AbstractAutowireCapableBeanFactory.java:1812) ~[spring-beans-6.2.5.jar:6.2.5]
	at org.springframework.beans.factory.support.AbstractAutowireCapableBeanFactory.doCreateBean(AbstractAutowireCapableBeanFactory.java:601) ~[spring-beans-6.2.5.jar:6.2.5]
	at org.springframework.beans.factory.support.AbstractAutowireCapableBeanFactory.createBean(AbstractAutowireCapableBeanFactory.java:523) ~[spring-beans-6.2.5.jar:6.2.5]
	at org.springframework.beans.factory.support.AbstractBeanFactory.lambda$doGetBean$0(AbstractBeanFactory.java:339) ~[spring-beans-6.2.5.jar:6.2.5]
	at org.springframework.beans.factory.support.DefaultSingletonBeanRegistry.getSingleton(DefaultSingletonBeanRegistry.java:347) ~[spring-beans-6.2.5.jar:6.2.5]
	at org.springframework.beans.factory.support.AbstractBeanFactory.doGetBean(AbstractBeanFactory.java:337) ~[spring-beans-6.2.5.jar:6.2.5]
	at org.springframework.beans.factory.support.AbstractBeanFactory.getBean(AbstractBeanFactory.java:207) ~[spring-beans-6.2.5.jar:6.2.5]
	at org.springframework.context.support.AbstractApplicationContext.finishBeanFactoryInitialization(AbstractApplicationContext.java:970) ~[spring-context-6.2.5.jar:6.2.5]
	at org.springframework.context.support.AbstractApplicationContext.refresh(AbstractApplicationContext.java:627) ~[spring-context-6.2.5.jar:6.2.5]
	at org.springframework.boot.web.servlet.context.ServletWebServerApplicationContext.refresh(ServletWebServerApplicationContext.java:146) ~[spring-boot-3.4.4.jar:3.4.4]
	at org.springframework.boot.SpringApplication.refresh(SpringApplication.java:752) ~[spring-boot-3.4.4.jar:3.4.4]
	at org.springframework.boot.SpringApplication.refreshContext(SpringApplication.java:439) ~[spring-boot-3.4.4.jar:3.4.4]
	at org.springframework.boot.SpringApplication.run(SpringApplication.java:318) ~[spring-boot-3.4.4.jar:3.4.4]
	at org.springframework.boot.SpringApplication.run(SpringApplication.java:1361) ~[spring-boot-3.4.4.jar:3.4.4]
	at org.springframework.boot.SpringApplication.run(SpringApplication.java:1350) ~[spring-boot-3.4.4.jar:3.4.4]
	at com.duoc.backend.BackendApplication.main(BackendApplication.java:10) ~[classes/:na]
Caused by: java.lang.TypeNotPresentException: Type Care not present
	at java.base/sun.reflect.generics.factory.CoreReflectionFactory.makeNamedType(CoreReflectionFactory.java:117) ~[na:na]
	at java.base/sun.reflect.generics.visitor.Reifier.visitClassTypeSignature(Reifier.java:125) ~[na:na]
	at java.base/sun.reflect.generics.tree.ClassTypeSignature.accept(ClassTypeSignature.java:49) ~[na:na]
	at java.base/sun.reflect.generics.visitor.Reifier.reifyTypeArguments(Reifier.java:68) ~[na:na]
	at java.base/sun.reflect.generics.visitor.Reifier.visitClassTypeSignature(Reifier.java:138) ~[na:na]
	at java.base/sun.reflect.generics.tree.ClassTypeSignature.accept(ClassTypeSignature.java:49) ~[na:na]
	at java.base/sun.reflect.generics.repository.MethodRepository.computeReturnType(MethodRepository.java:75) ~[na:na]
	at java.base/sun.reflect.generics.repository.MethodRepository.getReturnType(MethodRepository.java:66) ~[na:na]
	at java.base/java.lang.reflect.Method.getGenericReturnType(Method.java:295) ~[na:na]
	at org.hibernate.annotations.common.reflection.java.JavaXClass.getDeclaredMethodProperties(JavaXClass.java:136) ~[hibernate-commons-annotations-7.0.3.Final.jar:7.0.3.Final]
	at org.hibernate.annotations.common.reflection.java.JavaXClass.getDeclaredProperties(JavaXClass.java:172) ~[hibernate-commons-annotations-7.0.3.Final.jar:7.0.3.Final]
	at org.hibernate.annotations.common.reflection.java.JavaXClass.getDeclaredProperties(JavaXClass.java:164) ~[hibernate-commons-annotations-7.0.3.Final.jar:7.0.3.Final]
	at org.hibernate.boot.model.internal.InheritanceState.determineDefaultAccessType(InheritanceState.java:269) ~[hibernate-core-6.6.11.Final.jar:6.6.11.Final]
	at org.hibernate.boot.model.internal.InheritanceState.getElementsToProcess(InheritanceState.java:226) ~[hibernate-core-6.6.11.Final.jar:6.6.11.Final]
	at org.hibernate.boot.model.internal.InheritanceState.postProcess(InheritanceState.java:162) ~[hibernate-core-6.6.11.Final.jar:6.6.11.Final]
	at org.hibernate.boot.model.internal.EntityBinder.handleIdentifier(EntityBinder.java:410) ~[hibernate-core-6.6.11.Final.jar:6.6.11.Final]
	at org.hibernate.boot.model.internal.EntityBinder.bindEntityClass(EntityBinder.java:251) ~[hibernate-core-6.6.11.Final.jar:6.6.11.Final]
	at org.hibernate.boot.model.internal.AnnotationBinder.bindClass(AnnotationBinder.java:401) ~[hibernate-core-6.6.11.Final.jar:6.6.11.Final]
	at org.hibernate.boot.model.source.internal.annotations.AnnotationMetadataSourceProcessorImpl.processEntityHierarchies(AnnotationMetadataSourceProcessorImpl.java:257) ~[hibernate-core-6.6.11.Final.jar:6.6.11.Final]
	at org.hibernate.boot.model.process.spi.MetadataBuildingProcess$1.processEntityHierarchies(MetadataBuildingProcess.java:281) ~[hibernate-core-6.6.11.Final.jar:6.6.11.Final]
	at org.hibernate.boot.model.process.spi.MetadataBuildingProcess.complete(MetadataBuildingProcess.java:324) ~[hibernate-core-6.6.11.Final.jar:6.6.11.Final]
	at org.hibernate.jpa.boot.internal.EntityManagerFactoryBuilderImpl.metadata(EntityManagerFactoryBuilderImpl.java:1442) ~[hibernate-core-6.6.11.Final.jar:6.6.11.Final]
	at org.hibernate.jpa.boot.internal.EntityManagerFactoryBuilderImpl.build(EntityManagerFactoryBuilderImpl.java:1513) ~[hibernate-core-6.6.11.Final.jar:6.6.11.Final]
	at org.springframework.orm.jpa.vendor.SpringHibernateJpaPersistenceProvider.createContainerEntityManagerFactory(SpringHibernateJpaPersistenceProvider.java:66) ~[spring-orm-6.2.5.jar:6.2.5]
	at org.springframework.orm.jpa.LocalContainerEntityManagerFactoryBean.createNativeEntityManagerFactory(LocalContainerEntityManagerFactoryBean.java:390) ~[spring-orm-6.2.5.jar:6.2.5]
	at org.springframework.orm.jpa.AbstractEntityManagerFactoryBean.buildNativeEntityManagerFactory(AbstractEntityManagerFactoryBean.java:419) ~[spring-orm-6.2.5.jar:6.2.5]
	at org.springframework.orm.jpa.AbstractEntityManagerFactoryBean.afterPropertiesSet(AbstractEntityManagerFactoryBean.java:400) ~[spring-orm-6.2.5.jar:6.2.5]
	at org.springframework.orm.jpa.LocalContainerEntityManagerFactoryBean.afterPropertiesSet(LocalContainerEntityManagerFactoryBean.java:366) ~[spring-orm-6.2.5.jar:6.2.5]
	at org.springframework.beans.factory.support.AbstractAutowireCapableBeanFactory.invokeInitMethods(AbstractAutowireCapableBeanFactory.java:1859) ~[spring-beans-6.2.5.jar:6.2.5]
	at org.springframework.beans.factory.support.AbstractAutowireCapableBeanFactory.initializeBean(AbstractAutowireCapableBeanFactory.java:1808) ~[spring-beans-6.2.5.jar:6.2.5]
	... 15 common frames omitted
Caused by: java.lang.ClassNotFoundException: Care
	at java.base/jdk.internal.loader.BuiltinClassLoader.loadClass(BuiltinClassLoader.java:641) ~[na:na]
	at java.base/jdk.internal.loader.ClassLoaders$AppClassLoader.loadClass(ClassLoaders.java:188) ~[na:na]
	at java.base/java.lang.ClassLoader.loadClass(ClassLoader.java:520) ~[na:na]
	at java.base/java.lang.Class.forName0(Native Method) ~[na:na]
	at java.base/java.lang.Class.forName(Class.java:467) ~[na:na]
	at java.base/sun.reflect.generics.factory.CoreReflectionFactory.makeNamedType(CoreReflectionFactory.java:114) ~[na:na]
	... 44 common frames omitted

2025-04-20T17:28:18.496-04:00  INFO 9539 --- [backend] [main] com.duoc.backend.BackendApplication      : Starting BackendApplication using Java 17.0.7 with PID 9539 (/Users/aldoosorio/Downloads/Semana2-CDY2203-main-2/target/classes started by aldoosorio in /Users/aldoosorio/Downloads/Semana2-CDY2203-main-2)
2025-04-20T17:28:18.497-04:00 DEBUG 9539 --- [backend] [main] com.duoc.backend.BackendApplication      : Running with Spring Boot v3.4.4, Spring v6.2.5
2025-04-20T17:28:18.498-04:00  INFO 9539 --- [backend] [main] com.duoc.backend.BackendApplication      : No active profile set, falling back to 1 default profile: "default"
2025-04-20T17:28:18.843-04:00  INFO 9539 --- [backend] [main] .s.d.r.c.RepositoryConfigurationDelegate : Bootstrapping Spring Data JPA repositories in DEFAULT mode.
2025-04-20T17:28:18.872-04:00  INFO 9539 --- [backend] [main] .s.d.r.c.RepositoryConfigurationDelegate : Finished Spring Data repository scanning in 25 ms. Found 6 JPA repository interfaces.
2025-04-20T17:28:19.158-04:00  INFO 9539 --- [backend] [main] o.s.b.w.embedded.tomcat.TomcatWebServer  : Tomcat initialized with port 8180 (http)
2025-04-20T17:28:19.167-04:00  INFO 9539 --- [backend] [main] o.apache.catalina.core.StandardService   : Starting service [Tomcat]
2025-04-20T17:28:19.167-04:00  INFO 9539 --- [backend] [main] o.apache.catalina.core.StandardEngine    : Starting Servlet engine: [Apache Tomcat/10.1.39]
2025-04-20T17:28:19.202-04:00  INFO 9539 --- [backend] [main] o.a.c.c.C.[Tomcat].[localhost].[/]       : Initializing Spring embedded WebApplicationContext
2025-04-20T17:28:19.203-04:00  INFO 9539 --- [backend] [main] w.s.c.ServletWebServerApplicationContext : Root WebApplicationContext: initialization completed in 672 ms
2025-04-20T17:28:19.232-04:00 DEBUG 9539 --- [backend] [main] c.duoc.backend.JWTAuthorizationFilter    : Filter 'JWTAuthorizationFilter' configured for use
2025-04-20T17:28:19.243-04:00 DEBUG 9539 --- [backend] [main] com.zaxxer.hikari.HikariConfig           : Driver class com.mysql.cj.jdbc.Driver found in Thread context class loader jdk.internal.loader.ClassLoaders$AppClassLoader@42110406
2025-04-20T17:28:19.295-04:00 DEBUG 9539 --- [backend] [main] o.hibernate.jpa.internal.util.LogHelper  : PersistenceUnitInfo [
	name: default
	persistence provider classname: null
	classloader: jdk.internal.loader.ClassLoaders$AppClassLoader@42110406
	excludeUnlistedClasses: true
	JTA datasource: null
	Non JTA datasource: HikariDataSource (null)
	Transaction type: RESOURCE_LOCAL
	PU root URL: file:/Users/aldoosorio/Downloads/Semana2-CDY2203-main-2/target/classes/
	Shared Cache Mode: UNSPECIFIED
	Validation Mode: AUTO
	Jar files URLs []
	Managed classes names [
		com.duoc.backend.Care.Care
		com.duoc.backend.Invoice.Invoice
		com.duoc.backend.Medication.Medication
		com.duoc.backend.Patient.Patient
		com.duoc.backend.appointment.Appointment
		com.duoc.backend.user.User]
	Mapping files names []
	Properties []
2025-04-20T17:28:19.298-04:00 DEBUG 9539 --- [backend] [main] o.h.i.internal.IntegratorServiceImpl     : Adding Integrator [org.hibernate.boot.beanvalidation.BeanValidationIntegrator].
2025-04-20T17:28:19.298-04:00 DEBUG 9539 --- [backend] [main] o.h.i.internal.IntegratorServiceImpl     : Adding Integrator [org.hibernate.cache.internal.CollectionCacheInvalidator].
2025-04-20T17:28:19.304-04:00 TRACE 9539 --- [backend] [main] o.h.b.r.s.internal.StrategySelectorImpl  : Registering named strategy selector [org.hibernate.resource.transaction.spi.TransactionCoordinatorBuilder] : [jdbc] -> [org.hibernate.resource.transaction.backend.jdbc.internal.JdbcResourceLocalTransactionCoordinatorBuilderImpl]
2025-04-20T17:28:19.305-04:00 TRACE 9539 --- [backend] [main] o.h.b.r.s.internal.StrategySelectorImpl  : Registering named strategy selector [org.hibernate.resource.transaction.spi.TransactionCoordinatorBuilder] : [jta] -> [org.hibernate.resource.transaction.backend.jta.internal.JtaTransactionCoordinatorBuilderImpl]
2025-04-20T17:28:19.305-04:00 TRACE 9539 --- [backend] [main] o.h.b.r.s.internal.StrategySelectorImpl  : Registering named strategy selector [org.hibernate.resource.transaction.spi.TransactionCoordinatorBuilder] : [org.hibernate.transaction.JDBCTransactionFactory] -> [org.hibernate.resource.transaction.backend.jdbc.internal.JdbcResourceLocalTransactionCoordinatorBuilderImpl]
2025-04-20T17:28:19.305-04:00 TRACE 9539 --- [backend] [main] o.h.b.r.s.internal.StrategySelectorImpl  : Registering named strategy selector [org.hibernate.resource.transaction.spi.TransactionCoordinatorBuilder] : [org.hibernate.transaction.JTATransactionFactory] -> [org.hibernate.resource.transaction.backend.jta.internal.JtaTransactionCoordinatorBuilderImpl]
2025-04-20T17:28:19.305-04:00 TRACE 9539 --- [backend] [main] o.h.b.r.s.internal.StrategySelectorImpl  : Registering named strategy selector [org.hibernate.resource.transaction.spi.TransactionCoordinatorBuilder] : [org.hibernate.transaction.CMTTransactionFactory] -> [org.hibernate.resource.transaction.backend.jta.internal.JtaTransactionCoordinatorBuilderImpl]
2025-04-20T17:28:19.305-04:00 TRACE 9539 --- [backend] [main] o.h.b.r.s.internal.StrategySelectorImpl  : Registering named strategy selector [org.hibernate.query.sqm.mutation.spi.SqmMultiTableInsertStrategy] : [cte] -> [org.hibernate.query.sqm.mutation.internal.cte.CteInsertStrategy]
2025-04-20T17:28:19.306-04:00 TRACE 9539 --- [backend] [main] o.h.b.r.s.internal.StrategySelectorImpl  : Registering named strategy selector [org.hibernate.query.sqm.mutation.spi.SqmMultiTableInsertStrategy] : [global_temporary] -> [org.hibernate.query.sqm.mutation.internal.temptable.GlobalTemporaryTableInsertStrategy]
2025-04-20T17:28:19.306-04:00 TRACE 9539 --- [backend] [main] o.h.b.r.s.internal.StrategySelectorImpl  : Registering named strategy selector [org.hibernate.query.sqm.mutation.spi.SqmMultiTableInsertStrategy] : [local_temporary] -> [org.hibernate.query.sqm.mutation.internal.temptable.LocalTemporaryTableInsertStrategy]
2025-04-20T17:28:19.306-04:00 TRACE 9539 --- [backend] [main] o.h.b.r.s.internal.StrategySelectorImpl  : Registering named strategy selector [org.hibernate.query.sqm.mutation.spi.SqmMultiTableInsertStrategy] : [persistent] -> [org.hibernate.query.sqm.mutation.internal.temptable.PersistentTableInsertStrategy]
2025-04-20T17:28:19.307-04:00 TRACE 9539 --- [backend] [main] o.h.b.r.s.internal.StrategySelectorImpl  : Registering named strategy selector [org.hibernate.query.sqm.mutation.spi.SqmMultiTableMutationStrategy] : [cte] -> [org.hibernate.query.sqm.mutation.internal.cte.CteMutationStrategy]
2025-04-20T17:28:19.307-04:00 TRACE 9539 --- [backend] [main] o.h.b.r.s.internal.StrategySelectorImpl  : Registering named strategy selector [org.hibernate.query.sqm.mutation.spi.SqmMultiTableMutationStrategy] : [global_temporary] -> [org.hibernate.query.sqm.mutation.internal.temptable.GlobalTemporaryTableMutationStrategy]
2025-04-20T17:28:19.307-04:00 TRACE 9539 --- [backend] [main] o.h.b.r.s.internal.StrategySelectorImpl  : Registering named strategy selector [org.hibernate.query.sqm.mutation.spi.SqmMultiTableMutationStrategy] : [local_temporary] -> [org.hibernate.query.sqm.mutation.internal.temptable.LocalTemporaryTableMutationStrategy]
2025-04-20T17:28:19.307-04:00 TRACE 9539 --- [backend] [main] o.h.b.r.s.internal.StrategySelectorImpl  : Registering named strategy selector [org.hibernate.query.sqm.mutation.spi.SqmMultiTableMutationStrategy] : [persistent] -> [org.hibernate.query.sqm.mutation.internal.temptable.PersistentTableMutationStrategy]
2025-04-20T17:28:19.307-04:00 TRACE 9539 --- [backend] [main] o.h.b.r.s.internal.StrategySelectorImpl  : Registering named strategy selector [org.hibernate.boot.model.naming.ImplicitNamingStrategy] : [default] -> [org.hibernate.boot.model.naming.ImplicitNamingStrategyJpaCompliantImpl]
2025-04-20T17:28:19.307-04:00 TRACE 9539 --- [backend] [main] o.h.b.r.s.internal.StrategySelectorImpl  : Registering named strategy selector [org.hibernate.boot.model.naming.ImplicitNamingStrategy] : [jpa] -> [org.hibernate.boot.model.naming.ImplicitNamingStrategyJpaCompliantImpl]
2025-04-20T17:28:19.307-04:00 TRACE 9539 --- [backend] [main] o.h.b.r.s.internal.StrategySelectorImpl  : Registering named strategy selector [org.hibernate.boot.model.naming.ImplicitNamingStrategy] : [legacy-jpa] -> [org.hibernate.boot.model.naming.ImplicitNamingStrategyLegacyJpaImpl]
2025-04-20T17:28:19.308-04:00 TRACE 9539 --- [backend] [main] o.h.b.r.s.internal.StrategySelectorImpl  : Registering named strategy selector [org.hibernate.boot.model.naming.ImplicitNamingStrategy] : [legacy-hbm] -> [org.hibernate.boot.model.naming.ImplicitNamingStrategyLegacyHbmImpl]
2025-04-20T17:28:19.308-04:00 TRACE 9539 --- [backend] [main] o.h.b.r.s.internal.StrategySelectorImpl  : Registering named strategy selector [org.hibernate.boot.model.naming.ImplicitNamingStrategy] : [component-path] -> [org.hibernate.boot.model.naming.ImplicitNamingStrategyComponentPathImpl]
2025-04-20T17:28:19.308-04:00 TRACE 9539 --- [backend] [main] o.h.b.r.s.internal.StrategySelectorImpl  : Registering named strategy selector [org.hibernate.id.enhanced.ImplicitDatabaseObjectNamingStrategy] : [standard] -> [org.hibernate.id.enhanced.StandardNamingStrategy]
2025-04-20T17:28:19.309-04:00 TRACE 9539 --- [backend] [main] o.h.b.r.s.internal.StrategySelectorImpl  : Registering named strategy selector [org.hibernate.id.enhanced.ImplicitDatabaseObjectNamingStrategy] : [single] -> [org.hibernate.id.enhanced.SingleNamingStrategy]
2025-04-20T17:28:19.309-04:00 TRACE 9539 --- [backend] [main] o.h.b.r.s.internal.StrategySelectorImpl  : Registering named strategy selector [org.hibernate.id.enhanced.ImplicitDatabaseObjectNamingStrategy] : [legacy] -> [org.hibernate.id.enhanced.LegacyNamingStrategy]
2025-04-20T17:28:19.309-04:00 TRACE 9539 --- [backend] [main] o.h.b.r.s.internal.StrategySelectorImpl  : Registering named strategy selector [org.hibernate.boot.model.relational.ColumnOrderingStrategy] : [default] -> [org.hibernate.boot.model.relational.ColumnOrderingStrategyStandard]
2025-04-20T17:28:19.310-04:00 TRACE 9539 --- [backend] [main] o.h.b.r.s.internal.StrategySelectorImpl  : Registering named strategy selector [org.hibernate.boot.model.relational.ColumnOrderingStrategy] : [legacy] -> [org.hibernate.boot.model.relational.ColumnOrderingStrategyLegacy]
2025-04-20T17:28:19.310-04:00 TRACE 9539 --- [backend] [main] o.h.b.r.s.internal.StrategySelectorImpl  : Registering named strategy selector [org.hibernate.cache.spi.CacheKeysFactory] : [default] -> [org.hibernate.cache.internal.DefaultCacheKeysFactory]
2025-04-20T17:28:19.311-04:00 TRACE 9539 --- [backend] [main] o.h.b.r.s.internal.StrategySelectorImpl  : Registering named strategy selector [org.hibernate.cache.spi.CacheKeysFactory] : [simple] -> [org.hibernate.cache.internal.SimpleCacheKeysFactory]
2025-04-20T17:28:19.311-04:00 TRACE 9539 --- [backend] [main] o.h.b.r.s.internal.StrategySelectorImpl  : Registering named strategy selector [org.hibernate.type.format.FormatMapper] : [jackson] -> [org.hibernate.type.format.jackson.JacksonJsonFormatMapper]
2025-04-20T17:28:19.311-04:00 TRACE 9539 --- [backend] [main] o.h.b.r.s.internal.StrategySelectorImpl  : Registering named strategy selector [org.hibernate.type.format.FormatMapper] : [jsonb] -> [org.hibernate.type.format.jakartajson.JsonBJsonFormatMapper]
2025-04-20T17:28:19.312-04:00 TRACE 9539 --- [backend] [main] o.h.b.r.s.internal.StrategySelectorImpl  : Registering named strategy selector [org.hibernate.type.format.FormatMapper] : [jackson-xml] -> [org.hibernate.type.format.jackson.JacksonXmlFormatMapper]
2025-04-20T17:28:19.312-04:00 TRACE 9539 --- [backend] [main] o.h.b.r.s.internal.StrategySelectorImpl  : Registering named strategy selector [org.hibernate.type.format.FormatMapper] : [jaxb] -> [org.hibernate.type.format.jaxb.JaxbXmlFormatMapper]
2025-04-20T17:28:19.328-04:00  INFO 9539 --- [backend] [main] org.hibernate.Version                    : HHH000412: Hibernate ORM core version 6.6.11.Final
2025-04-20T17:28:19.329-04:00 DEBUG 9539 --- [backend] [main] org.hibernate.cfg.Environment            : HHH000206: 'hibernate.properties' not found
2025-04-20T17:28:19.336-04:00 TRACE 9539 --- [backend] [main] o.h.s.i.AbstractServiceRegistryImpl      : Initializing service [role=org.hibernate.id.factory.IdentifierGeneratorFactory]
2025-04-20T17:28:19.337-04:00 TRACE 9539 --- [backend] [main] o.h.s.i.AbstractServiceRegistryImpl      : Initializing service [role=org.hibernate.engine.config.spi.ConfigurationService]
2025-04-20T17:28:19.338-04:00 TRACE 9539 --- [backend] [main] o.h.s.i.AbstractServiceRegistryImpl      : Initializing service [role=org.hibernate.resource.beans.spi.ManagedBeanRegistry]
2025-04-20T17:28:19.340-04:00 DEBUG 9539 --- [backend] [main] org.hibernate.orm.idgen.factory          : Registering IdentifierGenerator strategy [uuid2] -> [org.hibernate.id.UUIDGenerator]
2025-04-20T17:28:19.340-04:00 DEBUG 9539 --- [backend] [main] org.hibernate.orm.idgen.factory          : Registering IdentifierGenerator strategy [guid] -> [org.hibernate.id.GUIDGenerator]
2025-04-20T17:28:19.340-04:00 DEBUG 9539 --- [backend] [main] org.hibernate.orm.idgen.factory          : Registering IdentifierGenerator strategy [uuid] -> [org.hibernate.id.UUIDHexGenerator]
2025-04-20T17:28:19.340-04:00 DEBUG 9539 --- [backend] [main] org.hibernate.orm.idgen.factory          : Registering IdentifierGenerator strategy [uuid.hex] -> [org.hibernate.id.UUIDHexGenerator]
2025-04-20T17:28:19.340-04:00 DEBUG 9539 --- [backend] [main] org.hibernate.orm.idgen.factory          : Registering IdentifierGenerator strategy [assigned] -> [org.hibernate.id.Assigned]
2025-04-20T17:28:19.341-04:00 DEBUG 9539 --- [backend] [main] org.hibernate.orm.idgen.factory          : Registering IdentifierGenerator strategy [identity] -> [org.hibernate.id.IdentityGenerator]
2025-04-20T17:28:19.341-04:00 DEBUG 9539 --- [backend] [main] org.hibernate.orm.idgen.factory          : Registering IdentifierGenerator strategy [select] -> [org.hibernate.id.SelectGenerator]
2025-04-20T17:28:19.342-04:00 DEBUG 9539 --- [backend] [main] org.hibernate.orm.idgen.factory          : Registering IdentifierGenerator strategy [sequence] -> [org.hibernate.id.enhanced.SequenceStyleGenerator]
2025-04-20T17:28:19.342-04:00 DEBUG 9539 --- [backend] [main] org.hibernate.orm.idgen.factory          : Registering IdentifierGenerator strategy [increment] -> [org.hibernate.id.IncrementGenerator]
2025-04-20T17:28:19.342-04:00 DEBUG 9539 --- [backend] [main] org.hibernate.orm.idgen.factory          : Registering IdentifierGenerator strategy [foreign] -> [org.hibernate.id.ForeignGenerator]
2025-04-20T17:28:19.342-04:00 DEBUG 9539 --- [backend] [main] org.hibernate.orm.idgen.factory          : Registering IdentifierGenerator strategy [enhanced-sequence] -> [org.hibernate.id.enhanced.SequenceStyleGenerator]
2025-04-20T17:28:19.343-04:00 DEBUG 9539 --- [backend] [main] org.hibernate.orm.idgen.factory          : Registering IdentifierGenerator strategy [enhanced-table] -> [org.hibernate.id.enhanced.TableGenerator]
2025-04-20T17:28:19.345-04:00 TRACE 9539 --- [backend] [main] o.h.s.i.AbstractServiceRegistryImpl      : Initializing service [role=org.hibernate.engine.jdbc.connections.spi.MultiTenantConnectionProvider]
2025-04-20T17:28:19.346-04:00 TRACE 9539 --- [backend] [main] o.h.s.i.AbstractServiceRegistryImpl      : Initializing service [role=org.hibernate.cache.spi.RegionFactory]
2025-04-20T17:28:19.346-04:00 DEBUG 9539 --- [backend] [main] o.h.c.internal.RegionFactoryInitiator    : Cannot default RegionFactory based on registered strategies as `[]` RegionFactory strategies were registered
2025-04-20T17:28:19.347-04:00  INFO 9539 --- [backend] [main] o.h.c.internal.RegionFactoryInitiator    : HHH000026: Second-level cache disabled
2025-04-20T17:28:19.380-04:00 DEBUG 9539 --- [backend] [main] org.hibernate.type.BasicTypeRegistry     : Adding type registration boolean -> org.hibernate.type.BasicTypeReference@1291aab5
2025-04-20T17:28:19.380-04:00 DEBUG 9539 --- [backend] [main] org.hibernate.type.BasicTypeRegistry     : Adding type registration boolean -> org.hibernate.type.BasicTypeReference@1291aab5
2025-04-20T17:28:19.380-04:00 DEBUG 9539 --- [backend] [main] org.hibernate.type.BasicTypeRegistry     : Adding type registration java.lang.Boolean -> org.hibernate.type.BasicTypeReference@1291aab5
2025-04-20T17:28:19.380-04:00 DEBUG 9539 --- [backend] [main] org.hibernate.type.BasicTypeRegistry     : Adding type registration numeric_boolean -> org.hibernate.type.BasicTypeReference@7d133fb7
2025-04-20T17:28:19.380-04:00 DEBUG 9539 --- [backend] [main] org.hibernate.type.BasicTypeRegistry     : Adding type registration org.hibernate.type.NumericBooleanConverter -> org.hibernate.type.BasicTypeReference@7d133fb7
2025-04-20T17:28:19.380-04:00 DEBUG 9539 --- [backend] [main] org.hibernate.type.BasicTypeRegistry     : Adding type registration true_false -> org.hibernate.type.BasicTypeReference@40bd0f8
2025-04-20T17:28:19.380-04:00 DEBUG 9539 --- [backend] [main] org.hibernate.type.BasicTypeRegistry     : Adding type registration org.hibernate.type.TrueFalseConverter -> org.hibernate.type.BasicTypeReference@40bd0f8
2025-04-20T17:28:19.380-04:00 DEBUG 9539 --- [backend] [main] org.hibernate.type.BasicTypeRegistry     : Adding type registration yes_no -> org.hibernate.type.BasicTypeReference@7eb27768
2025-04-20T17:28:19.381-04:00 DEBUG 9539 --- [backend] [main] org.hibernate.type.BasicTypeRegistry     : Adding type registration org.hibernate.type.YesNoConverter -> org.hibernate.type.BasicTypeReference@7eb27768
2025-04-20T17:28:19.381-04:00 DEBUG 9539 --- [backend] [main] org.hibernate.type.BasicTypeRegistry     : Adding type registration byte -> org.hibernate.type.BasicTypeReference@6169be09
2025-04-20T17:28:19.381-04:00 DEBUG 9539 --- [backend] [main] org.hibernate.type.BasicTypeRegistry     : Adding type registration byte -> org.hibernate.type.BasicTypeReference@6169be09
2025-04-20T17:28:19.381-04:00 DEBUG 9539 --- [backend] [main] org.hibernate.type.BasicTypeRegistry     : Adding type registration java.lang.Byte -> org.hibernate.type.BasicTypeReference@6169be09
2025-04-20T17:28:19.381-04:00 DEBUG 9539 --- [backend] [main] org.hibernate.type.BasicTypeRegistry     : Adding type registration binary -> org.hibernate.type.BasicTypeReference@5e3db14
2025-04-20T17:28:19.381-04:00 DEBUG 9539 --- [backend] [main] org.hibernate.type.BasicTypeRegistry     : Adding type registration byte[] -> org.hibernate.type.BasicTypeReference@5e3db14
2025-04-20T17:28:19.381-04:00 DEBUG 9539 --- [backend] [main] org.hibernate.type.BasicTypeRegistry     : Adding type registration [B -> org.hibernate.type.BasicTypeReference@5e3db14
2025-04-20T17:28:19.381-04:00 DEBUG 9539 --- [backend] [main] org.hibernate.type.BasicTypeRegistry     : Adding type registration binary_wrapper -> org.hibernate.type.BasicTypeReference@5fb54740
2025-04-20T17:28:19.381-04:00 DEBUG 9539 --- [backend] [main] org.hibernate.type.BasicTypeRegistry     : Adding type registration wrapper-binary -> org.hibernate.type.BasicTypeReference@5fb54740
2025-04-20T17:28:19.381-04:00 DEBUG 9539 --- [backend] [main] org.hibernate.type.BasicTypeRegistry     : Adding type registration image -> org.hibernate.type.BasicTypeReference@325162e9
2025-04-20T17:28:19.381-04:00 DEBUG 9539 --- [backend] [main] org.hibernate.type.BasicTypeRegistry     : Adding type registration blob -> org.hibernate.type.BasicTypeReference@1ee40b5c
2025-04-20T17:28:19.381-04:00 DEBUG 9539 --- [backend] [main] org.hibernate.type.BasicTypeRegistry     : Adding type registration java.sql.Blob -> org.hibernate.type.BasicTypeReference@1ee40b5c
2025-04-20T17:28:19.381-04:00 DEBUG 9539 --- [backend] [main] org.hibernate.type.BasicTypeRegistry     : Adding type registration materialized_blob -> org.hibernate.type.BasicTypeReference@5c448ef
2025-04-20T17:28:19.381-04:00 DEBUG 9539 --- [backend] [main] org.hibernate.type.BasicTypeRegistry     : Adding type registration materialized_blob_wrapper -> org.hibernate.type.BasicTypeReference@703e8050
2025-04-20T17:28:19.381-04:00 DEBUG 9539 --- [backend] [main] org.hibernate.type.BasicTypeRegistry     : Adding type registration short -> org.hibernate.type.BasicTypeReference@49c1e294
2025-04-20T17:28:19.381-04:00 DEBUG 9539 --- [backend] [main] org.hibernate.type.BasicTypeRegistry     : Adding type registration short -> org.hibernate.type.BasicTypeReference@49c1e294
2025-04-20T17:28:19.381-04:00 DEBUG 9539 --- [backend] [main] org.hibernate.type.BasicTypeRegistry     : Adding type registration java.lang.Short -> org.hibernate.type.BasicTypeReference@49c1e294
2025-04-20T17:28:19.381-04:00 DEBUG 9539 --- [backend] [main] org.hibernate.type.BasicTypeRegistry     : Adding type registration integer -> org.hibernate.type.BasicTypeReference@7741ae1b
2025-04-20T17:28:19.381-04:00 DEBUG 9539 --- [backend] [main] org.hibernate.type.BasicTypeRegistry     : Adding type registration int -> org.hibernate.type.BasicTypeReference@7741ae1b
2025-04-20T17:28:19.382-04:00 DEBUG 9539 --- [backend] [main] org.hibernate.type.BasicTypeRegistry     : Adding type registration java.lang.Integer -> org.hibernate.type.BasicTypeReference@7741ae1b
2025-04-20T17:28:19.382-04:00 DEBUG 9539 --- [backend] [main] org.hibernate.type.BasicTypeRegistry     : Adding type registration long -> org.hibernate.type.BasicTypeReference@50e5032c
2025-04-20T17:28:19.382-04:00 DEBUG 9539 --- [backend] [main] org.hibernate.type.BasicTypeRegistry     : Adding type registration long -> org.hibernate.type.BasicTypeReference@50e5032c
2025-04-20T17:28:19.382-04:00 DEBUG 9539 --- [backend] [main] org.hibernate.type.BasicTypeRegistry     : Adding type registration java.lang.Long -> org.hibernate.type.BasicTypeReference@50e5032c
2025-04-20T17:28:19.382-04:00 DEBUG 9539 --- [backend] [main] org.hibernate.type.BasicTypeRegistry     : Adding type registration float -> org.hibernate.type.BasicTypeReference@545d2560
2025-04-20T17:28:19.382-04:00 DEBUG 9539 --- [backend] [main] org.hibernate.type.BasicTypeRegistry     : Adding type registration float -> org.hibernate.type.BasicTypeReference@545d2560
2025-04-20T17:28:19.382-04:00 DEBUG 9539 --- [backend] [main] org.hibernate.type.BasicTypeRegistry     : Adding type registration java.lang.Float -> org.hibernate.type.BasicTypeReference@545d2560
2025-04-20T17:28:19.382-04:00 DEBUG 9539 --- [backend] [main] org.hibernate.type.BasicTypeRegistry     : Adding type registration double -> org.hibernate.type.BasicTypeReference@124eb83d
2025-04-20T17:28:19.382-04:00 DEBUG 9539 --- [backend] [main] org.hibernate.type.BasicTypeRegistry     : Adding type registration double -> org.hibernate.type.BasicTypeReference@124eb83d
2025-04-20T17:28:19.382-04:00 DEBUG 9539 --- [backend] [main] org.hibernate.type.BasicTypeRegistry     : Adding type registration java.lang.Double -> org.hibernate.type.BasicTypeReference@124eb83d
2025-04-20T17:28:19.382-04:00 DEBUG 9539 --- [backend] [main] org.hibernate.type.BasicTypeRegistry     : Adding type registration big_integer -> org.hibernate.type.BasicTypeReference@6885ed19
2025-04-20T17:28:19.382-04:00 DEBUG 9539 --- [backend] [main] org.hibernate.type.BasicTypeRegistry     : Adding type registration java.math.BigInteger -> org.hibernate.type.BasicTypeReference@6885ed19
2025-04-20T17:28:19.382-04:00 DEBUG 9539 --- [backend] [main] org.hibernate.type.BasicTypeRegistry     : Adding type registration big_decimal -> org.hibernate.type.BasicTypeReference@10817f46
2025-04-20T17:28:19.382-04:00 DEBUG 9539 --- [backend] [main] org.hibernate.type.BasicTypeRegistry     : Adding type registration java.math.BigDecimal -> org.hibernate.type.BasicTypeReference@10817f46
2025-04-20T17:28:19.382-04:00 DEBUG 9539 --- [backend] [main] org.hibernate.type.BasicTypeRegistry     : Adding type registration character -> org.hibernate.type.BasicTypeReference@2d4a3e13
2025-04-20T17:28:19.382-04:00 DEBUG 9539 --- [backend] [main] org.hibernate.type.BasicTypeRegistry     : Adding type registration char -> org.hibernate.type.BasicTypeReference@2d4a3e13
2025-04-20T17:28:19.382-04:00 DEBUG 9539 --- [backend] [main] org.hibernate.type.BasicTypeRegistry     : Adding type registration java.lang.Character -> org.hibernate.type.BasicTypeReference@2d4a3e13
2025-04-20T17:28:19.382-04:00 DEBUG 9539 --- [backend] [main] org.hibernate.type.BasicTypeRegistry     : Adding type registration character_nchar -> org.hibernate.type.BasicTypeReference@4a22e4d7
2025-04-20T17:28:19.382-04:00 DEBUG 9539 --- [backend] [main] org.hibernate.type.BasicTypeRegistry     : Adding type registration string -> org.hibernate.type.BasicTypeReference@d8835af
2025-04-20T17:28:19.382-04:00 DEBUG 9539 --- [backend] [main] org.hibernate.type.BasicTypeRegistry     : Adding type registration java.lang.String -> org.hibernate.type.BasicTypeReference@d8835af
2025-04-20T17:28:19.382-04:00 DEBUG 9539 --- [backend] [main] org.hibernate.type.BasicTypeRegistry     : Adding type registration nstring -> org.hibernate.type.BasicTypeReference@16681017
2025-04-20T17:28:19.382-04:00 DEBUG 9539 --- [backend] [main] org.hibernate.type.BasicTypeRegistry     : Adding type registration characters -> org.hibernate.type.BasicTypeReference@6aae0e6f
2025-04-20T17:28:19.382-04:00 DEBUG 9539 --- [backend] [main] org.hibernate.type.BasicTypeRegistry     : Adding type registration char[] -> org.hibernate.type.BasicTypeReference@6aae0e6f
2025-04-20T17:28:19.382-04:00 DEBUG 9539 --- [backend] [main] org.hibernate.type.BasicTypeRegistry     : Adding type registration [C -> org.hibernate.type.BasicTypeReference@6aae0e6f
2025-04-20T17:28:19.382-04:00 DEBUG 9539 --- [backend] [main] org.hibernate.type.BasicTypeRegistry     : Adding type registration wrapper-characters -> org.hibernate.type.BasicTypeReference@37775bb1
2025-04-20T17:28:19.383-04:00 DEBUG 9539 --- [backend] [main] org.hibernate.type.BasicTypeRegistry     : Adding type registration text -> org.hibernate.type.BasicTypeReference@7b9e25bd
2025-04-20T17:28:19.383-04:00 DEBUG 9539 --- [backend] [main] org.hibernate.type.BasicTypeRegistry     : Adding type registration ntext -> org.hibernate.type.BasicTypeReference@2d206a71
2025-04-20T17:28:19.383-04:00 DEBUG 9539 --- [backend] [main] org.hibernate.type.BasicTypeRegistry     : Adding type registration clob -> org.hibernate.type.BasicTypeReference@37e7c4cc
2025-04-20T17:28:19.383-04:00 DEBUG 9539 --- [backend] [main] org.hibernate.type.BasicTypeRegistry     : Adding type registration java.sql.Clob -> org.hibernate.type.BasicTypeReference@37e7c4cc
2025-04-20T17:28:19.383-04:00 DEBUG 9539 --- [backend] [main] org.hibernate.type.BasicTypeRegistry     : Adding type registration nclob -> org.hibernate.type.BasicTypeReference@3a40bb52
2025-04-20T17:28:19.383-04:00 DEBUG 9539 --- [backend] [main] org.hibernate.type.BasicTypeRegistry     : Adding type registration java.sql.NClob -> org.hibernate.type.BasicTypeReference@3a40bb52
2025-04-20T17:28:19.383-04:00 DEBUG 9539 --- [backend] [main] org.hibernate.type.BasicTypeRegistry     : Adding type registration materialized_clob -> org.hibernate.type.BasicTypeReference@3079c26a
2025-04-20T17:28:19.383-04:00 DEBUG 9539 --- [backend] [main] org.hibernate.type.BasicTypeRegistry     : Adding type registration materialized_clob_char_array -> org.hibernate.type.BasicTypeReference@1e2445f6
2025-04-20T17:28:19.383-04:00 DEBUG 9539 --- [backend] [main] org.hibernate.type.BasicTypeRegistry     : Adding type registration materialized_clob_character_array -> org.hibernate.type.BasicTypeReference@17ec335a
2025-04-20T17:28:19.383-04:00 DEBUG 9539 --- [backend] [main] org.hibernate.type.BasicTypeRegistry     : Adding type registration materialized_nclob -> org.hibernate.type.BasicTypeReference@284990de
2025-04-20T17:28:19.383-04:00 DEBUG 9539 --- [backend] [main] org.hibernate.type.BasicTypeRegistry     : Adding type registration materialized_nclob_character_array -> org.hibernate.type.BasicTypeReference@565d7d2f
2025-04-20T17:28:19.383-04:00 DEBUG 9539 --- [backend] [main] org.hibernate.type.BasicTypeRegistry     : Adding type registration materialized_nclob_char_array -> org.hibernate.type.BasicTypeReference@6aea99e7
2025-04-20T17:28:19.383-04:00 DEBUG 9539 --- [backend] [main] org.hibernate.type.BasicTypeRegistry     : Adding type registration Duration -> org.hibernate.type.BasicTypeReference@1c6a0103
2025-04-20T17:28:19.383-04:00 DEBUG 9539 --- [backend] [main] org.hibernate.type.BasicTypeRegistry     : Adding type registration java.time.Duration -> org.hibernate.type.BasicTypeReference@1c6a0103
2025-04-20T17:28:19.383-04:00 DEBUG 9539 --- [backend] [main] org.hibernate.type.BasicTypeRegistry     : Adding type registration LocalDateTime -> org.hibernate.type.BasicTypeReference@7841bd30
2025-04-20T17:28:19.383-04:00 DEBUG 9539 --- [backend] [main] org.hibernate.type.BasicTypeRegistry     : Adding type registration java.time.LocalDateTime -> org.hibernate.type.BasicTypeReference@7841bd30
2025-04-20T17:28:19.383-04:00 DEBUG 9539 --- [backend] [main] org.hibernate.type.BasicTypeRegistry     : Adding type registration LocalDate -> org.hibernate.type.BasicTypeReference@45c80312
2025-04-20T17:28:19.383-04:00 DEBUG 9539 --- [backend] [main] org.hibernate.type.BasicTypeRegistry     : Adding type registration java.time.LocalDate -> org.hibernate.type.BasicTypeReference@45c80312
2025-04-20T17:28:19.383-04:00 DEBUG 9539 --- [backend] [main] org.hibernate.type.BasicTypeRegistry     : Adding type registration LocalTime -> org.hibernate.type.BasicTypeReference@7bd38fed
2025-04-20T17:28:19.383-04:00 DEBUG 9539 --- [backend] [main] org.hibernate.type.BasicTypeRegistry     : Adding type registration java.time.LocalTime -> org.hibernate.type.BasicTypeReference@7bd38fed
2025-04-20T17:28:19.383-04:00 DEBUG 9539 --- [backend] [main] org.hibernate.type.BasicTypeRegistry     : Adding type registration OffsetDateTime -> org.hibernate.type.BasicTypeReference@377dfb8d
2025-04-20T17:28:19.383-04:00 DEBUG 9539 --- [backend] [main] org.hibernate.type.BasicTypeRegistry     : Adding type registration java.time.OffsetDateTime -> org.hibernate.type.BasicTypeReference@377dfb8d
2025-04-20T17:28:19.383-04:00 DEBUG 9539 --- [backend] [main] org.hibernate.type.BasicTypeRegistry     : Adding type registration OffsetDateTimeWithTimezone -> org.hibernate.type.BasicTypeReference@42a0786f
2025-04-20T17:28:19.383-04:00 DEBUG 9539 --- [backend] [main] org.hibernate.type.BasicTypeRegistry     : Adding type registration OffsetDateTimeWithoutTimezone -> org.hibernate.type.BasicTypeReference@477523ba
2025-04-20T17:28:19.383-04:00 DEBUG 9539 --- [backend] [main] org.hibernate.type.BasicTypeRegistry     : Adding type registration OffsetTime -> org.hibernate.type.BasicTypeReference@203e705e
2025-04-20T17:28:19.384-04:00 DEBUG 9539 --- [backend] [main] org.hibernate.type.BasicTypeRegistry     : Adding type registration java.time.OffsetTime -> org.hibernate.type.BasicTypeReference@203e705e
2025-04-20T17:28:19.384-04:00 DEBUG 9539 --- [backend] [main] org.hibernate.type.BasicTypeRegistry     : Adding type registration OffsetTimeUtc -> org.hibernate.type.BasicTypeReference@78c74647
2025-04-20T17:28:19.384-04:00 DEBUG 9539 --- [backend] [main] org.hibernate.type.BasicTypeRegistry     : Adding type registration OffsetTimeWithTimezone -> org.hibernate.type.BasicTypeReference@39652a30
2025-04-20T17:28:19.384-04:00 DEBUG 9539 --- [backend] [main] org.hibernate.type.BasicTypeRegistry     : Adding type registration OffsetTimeWithoutTimezone -> org.hibernate.type.BasicTypeReference@5763a655
2025-04-20T17:28:19.384-04:00 DEBUG 9539 --- [backend] [main] org.hibernate.type.BasicTypeRegistry     : Adding type registration ZonedDateTime -> org.hibernate.type.BasicTypeReference@40c8067
2025-04-20T17:28:19.384-04:00 DEBUG 9539 --- [backend] [main] org.hibernate.type.BasicTypeRegistry     : Adding type registration java.time.ZonedDateTime -> org.hibernate.type.BasicTypeReference@40c8067
2025-04-20T17:28:19.384-04:00 DEBUG 9539 --- [backend] [main] org.hibernate.type.BasicTypeRegistry     : Adding type registration ZonedDateTimeWithTimezone -> org.hibernate.type.BasicTypeReference@46bb0bdf
2025-04-20T17:28:19.384-04:00 DEBUG 9539 --- [backend] [main] org.hibernate.type.BasicTypeRegistry     : Adding type registration ZonedDateTimeWithoutTimezone -> org.hibernate.type.BasicTypeReference@561f9d92
2025-04-20T17:28:19.384-04:00 DEBUG 9539 --- [backend] [main] org.hibernate.type.BasicTypeRegistry     : Adding type registration date -> org.hibernate.type.BasicTypeReference@1c84d80a
2025-04-20T17:28:19.384-04:00 DEBUG 9539 --- [backend] [main] org.hibernate.type.BasicTypeRegistry     : Adding type registration java.sql.Date -> org.hibernate.type.BasicTypeReference@1c84d80a
2025-04-20T17:28:19.384-04:00 DEBUG 9539 --- [backend] [main] org.hibernate.type.BasicTypeRegistry     : Adding type registration time -> org.hibernate.type.BasicTypeReference@7ceb6c45
2025-04-20T17:28:19.384-04:00 DEBUG 9539 --- [backend] [main] org.hibernate.type.BasicTypeRegistry     : Adding type registration java.sql.Time -> org.hibernate.type.BasicTypeReference@7ceb6c45
2025-04-20T17:28:19.385-04:00 DEBUG 9539 --- [backend] [main] org.hibernate.type.BasicTypeRegistry     : Adding type registration timestamp -> org.hibernate.type.BasicTypeReference@629075f4
2025-04-20T17:28:19.385-04:00 DEBUG 9539 --- [backend] [main] org.hibernate.type.BasicTypeRegistry     : Adding type registration java.sql.Timestamp -> org.hibernate.type.BasicTypeReference@629075f4
2025-04-20T17:28:19.385-04:00 DEBUG 9539 --- [backend] [main] org.hibernate.type.BasicTypeRegistry     : Adding type registration java.util.Date -> org.hibernate.type.BasicTypeReference@629075f4
2025-04-20T17:28:19.385-04:00 DEBUG 9539 --- [backend] [main] org.hibernate.type.BasicTypeRegistry     : Adding type registration calendar -> org.hibernate.type.BasicTypeReference@48499739
2025-04-20T17:28:19.385-04:00 DEBUG 9539 --- [backend] [main] org.hibernate.type.BasicTypeRegistry     : Adding type registration java.util.Calendar -> org.hibernate.type.BasicTypeReference@48499739
2025-04-20T17:28:19.385-04:00 DEBUG 9539 --- [backend] [main] org.hibernate.type.BasicTypeRegistry     : Adding type registration java.util.GregorianCalendar -> org.hibernate.type.BasicTypeReference@48499739
2025-04-20T17:28:19.385-04:00 DEBUG 9539 --- [backend] [main] org.hibernate.type.BasicTypeRegistry     : Adding type registration calendar_date -> org.hibernate.type.BasicTypeReference@723742b2
2025-04-20T17:28:19.385-04:00 DEBUG 9539 --- [backend] [main] org.hibernate.type.BasicTypeRegistry     : Adding type registration calendar_time -> org.hibernate.type.BasicTypeReference@559991f5
2025-04-20T17:28:19.385-04:00 DEBUG 9539 --- [backend] [main] org.hibernate.type.BasicTypeRegistry     : Adding type registration instant -> org.hibernate.type.BasicTypeReference@34c76167
2025-04-20T17:28:19.385-04:00 DEBUG 9539 --- [backend] [main] org.hibernate.type.BasicTypeRegistry     : Adding type registration java.time.Instant -> org.hibernate.type.BasicTypeReference@34c76167
2025-04-20T17:28:19.385-04:00 DEBUG 9539 --- [backend] [main] org.hibernate.type.BasicTypeRegistry     : Adding type registration uuid -> org.hibernate.type.BasicTypeReference@30b3d899
2025-04-20T17:28:19.385-04:00 DEBUG 9539 --- [backend] [main] org.hibernate.type.BasicTypeRegistry     : Adding type registration java.util.UUID -> org.hibernate.type.BasicTypeReference@30b3d899
2025-04-20T17:28:19.386-04:00 DEBUG 9539 --- [backend] [main] org.hibernate.type.BasicTypeRegistry     : Adding type registration pg-uuid -> org.hibernate.type.BasicTypeReference@30b3d899
2025-04-20T17:28:19.386-04:00 DEBUG 9539 --- [backend] [main] org.hibernate.type.BasicTypeRegistry     : Adding type registration uuid-binary -> org.hibernate.type.BasicTypeReference@78d92eef
2025-04-20T17:28:19.386-04:00 DEBUG 9539 --- [backend] [main] org.hibernate.type.BasicTypeRegistry     : Adding type registration uuid-char -> org.hibernate.type.BasicTypeReference@61d60e38
2025-04-20T17:28:19.386-04:00 DEBUG 9539 --- [backend] [main] org.hibernate.type.BasicTypeRegistry     : Adding type registration class -> org.hibernate.type.BasicTypeReference@6e95973c
2025-04-20T17:28:19.386-04:00 DEBUG 9539 --- [backend] [main] org.hibernate.type.BasicTypeRegistry     : Adding type registration java.lang.Class -> org.hibernate.type.BasicTypeReference@6e95973c
2025-04-20T17:28:19.387-04:00 DEBUG 9539 --- [backend] [main] org.hibernate.type.BasicTypeRegistry     : Adding type registration currency -> org.hibernate.type.BasicTypeReference@404ced67
2025-04-20T17:28:19.387-04:00 DEBUG 9539 --- [backend] [main] org.hibernate.type.BasicTypeRegistry     : Adding type registration Currency -> org.hibernate.type.BasicTypeReference@404ced67
2025-04-20T17:28:19.387-04:00 DEBUG 9539 --- [backend] [main] org.hibernate.type.BasicTypeRegistry     : Adding type registration java.util.Currency -> org.hibernate.type.BasicTypeReference@404ced67
2025-04-20T17:28:19.387-04:00 DEBUG 9539 --- [backend] [main] org.hibernate.type.BasicTypeRegistry     : Adding type registration locale -> org.hibernate.type.BasicTypeReference@71531dd7
2025-04-20T17:28:19.387-04:00 DEBUG 9539 --- [backend] [main] org.hibernate.type.BasicTypeRegistry     : Adding type registration java.util.Locale -> org.hibernate.type.BasicTypeReference@71531dd7
2025-04-20T17:28:19.387-04:00 DEBUG 9539 --- [backend] [main] org.hibernate.type.BasicTypeRegistry     : Adding type registration serializable -> org.hibernate.type.BasicTypeReference@20256a0b
2025-04-20T17:28:19.387-04:00 DEBUG 9539 --- [backend] [main] org.hibernate.type.BasicTypeRegistry     : Adding type registration java.io.Serializable -> org.hibernate.type.BasicTypeReference@20256a0b
2025-04-20T17:28:19.387-04:00 DEBUG 9539 --- [backend] [main] org.hibernate.type.BasicTypeRegistry     : Adding type registration timezone -> org.hibernate.type.BasicTypeReference@624b3544
2025-04-20T17:28:19.387-04:00 DEBUG 9539 --- [backend] [main] org.hibernate.type.BasicTypeRegistry     : Adding type registration java.util.TimeZone -> org.hibernate.type.BasicTypeReference@624b3544
2025-04-20T17:28:19.388-04:00 DEBUG 9539 --- [backend] [main] org.hibernate.type.BasicTypeRegistry     : Adding type registration ZoneOffset -> org.hibernate.type.BasicTypeReference@454bcbbf
2025-04-20T17:28:19.388-04:00 DEBUG 9539 --- [backend] [main] org.hibernate.type.BasicTypeRegistry     : Adding type registration java.time.ZoneOffset -> org.hibernate.type.BasicTypeReference@454bcbbf
2025-04-20T17:28:19.388-04:00 DEBUG 9539 --- [backend] [main] org.hibernate.type.BasicTypeRegistry     : Adding type registration url -> org.hibernate.type.BasicTypeReference@2c9fdb64
2025-04-20T17:28:19.388-04:00 DEBUG 9539 --- [backend] [main] org.hibernate.type.BasicTypeRegistry     : Adding type registration java.net.URL -> org.hibernate.type.BasicTypeReference@2c9fdb64
2025-04-20T17:28:19.388-04:00 DEBUG 9539 --- [backend] [main] org.hibernate.type.BasicTypeRegistry     : Adding type registration vector -> org.hibernate.type.BasicTypeReference@27e199ce
2025-04-20T17:28:19.388-04:00 DEBUG 9539 --- [backend] [main] org.hibernate.type.BasicTypeRegistry     : Adding type registration float_vector -> org.hibernate.type.BasicTypeReference@1c3b6963
2025-04-20T17:28:19.388-04:00 DEBUG 9539 --- [backend] [main] org.hibernate.type.BasicTypeRegistry     : Adding type registration double_vector -> org.hibernate.type.BasicTypeReference@7364f68
2025-04-20T17:28:19.388-04:00 DEBUG 9539 --- [backend] [main] org.hibernate.type.BasicTypeRegistry     : Adding type registration byte_vector -> org.hibernate.type.BasicTypeReference@55a0f011
2025-04-20T17:28:19.388-04:00 DEBUG 9539 --- [backend] [main] org.hibernate.type.BasicTypeRegistry     : Adding type registration row_version -> org.hibernate.type.BasicTypeReference@7ea42c82
2025-04-20T17:28:19.390-04:00 DEBUG 9539 --- [backend] [main] org.hibernate.type.BasicTypeRegistry     : Adding type registration object -> org.hibernate.type.JavaObjectType@4b4969ea
2025-04-20T17:28:19.390-04:00 DEBUG 9539 --- [backend] [main] org.hibernate.type.BasicTypeRegistry     : Adding type registration java.lang.Object -> org.hibernate.type.JavaObjectType@4b4969ea
2025-04-20T17:28:19.391-04:00 DEBUG 9539 --- [backend] [main] org.hibernate.type.BasicTypeRegistry     : Adding type registration null -> org.hibernate.type.NullType@54495935
2025-04-20T17:28:19.391-04:00 DEBUG 9539 --- [backend] [main] org.hibernate.type.BasicTypeRegistry     : Adding type registration imm_date -> org.hibernate.type.BasicTypeReference@67c6f4d8
2025-04-20T17:28:19.391-04:00 DEBUG 9539 --- [backend] [main] org.hibernate.type.BasicTypeRegistry     : Adding type registration imm_time -> org.hibernate.type.BasicTypeReference@3a6e9856
2025-04-20T17:28:19.392-04:00 DEBUG 9539 --- [backend] [main] org.hibernate.type.BasicTypeRegistry     : Adding type registration imm_timestamp -> org.hibernate.type.BasicTypeReference@4863c8ac
2025-04-20T17:28:19.392-04:00 DEBUG 9539 --- [backend] [main] org.hibernate.type.BasicTypeRegistry     : Adding type registration imm_calendar -> org.hibernate.type.BasicTypeReference@56fda064
2025-04-20T17:28:19.392-04:00 DEBUG 9539 --- [backend] [main] org.hibernate.type.BasicTypeRegistry     : Adding type registration imm_calendar_date -> org.hibernate.type.BasicTypeReference@6cdee57
2025-04-20T17:28:19.392-04:00 DEBUG 9539 --- [backend] [main] org.hibernate.type.BasicTypeRegistry     : Adding type registration imm_calendar_time -> org.hibernate.type.BasicTypeReference@482f7af0
2025-04-20T17:28:19.392-04:00 DEBUG 9539 --- [backend] [main] org.hibernate.type.BasicTypeRegistry     : Adding type registration imm_binary -> org.hibernate.type.BasicTypeReference@1edfedf1
2025-04-20T17:28:19.392-04:00 DEBUG 9539 --- [backend] [main] org.hibernate.type.BasicTypeRegistry     : Adding type registration imm_serializable -> org.hibernate.type.BasicTypeReference@251a90ce
2025-04-20T17:28:19.395-04:00 TRACE 9539 --- [backend] [main] o.h.q.sqm.function.SqmFunctionRegistry   : SqmFunctionRegistry created
2025-04-20T17:28:19.395-04:00 TRACE 9539 --- [backend] [main] o.h.s.i.AbstractServiceRegistryImpl      : Initializing service [role=org.hibernate.boot.cfgxml.spi.CfgXmlAccessService]
2025-04-20T17:28:19.397-04:00 DEBUG 9539 --- [backend] [main] o.h.boot.internal.BootstrapContextImpl   : Injecting JPA temp ClassLoader [org.springframework.instrument.classloading.SimpleThrowawayClassLoader@73a845cb] into BootstrapContext; was [null]
2025-04-20T17:28:19.397-04:00 DEBUG 9539 --- [backend] [main] o.h.boot.internal.ClassLoaderAccessImpl  : ClassLoaderAccessImpl#injectTempClassLoader(org.springframework.instrument.classloading.SimpleThrowawayClassLoader@73a845cb) [was null]
2025-04-20T17:28:19.397-04:00 DEBUG 9539 --- [backend] [main] o.h.boot.internal.BootstrapContextImpl   : Injecting ScanEnvironment [org.hibernate.jpa.boot.internal.StandardJpaScanEnvironmentImpl@5175d9ad] into BootstrapContext; was [null]
2025-04-20T17:28:19.397-04:00 DEBUG 9539 --- [backend] [main] o.h.boot.internal.BootstrapContextImpl   : Injecting ScanOptions [org.hibernate.boot.archive.scan.internal.StandardScanOptions@b06d46d] into BootstrapContext; was [org.hibernate.boot.archive.scan.internal.StandardScanOptions@25a5c8e]
2025-04-20T17:28:19.406-04:00 DEBUG 9539 --- [backend] [main] o.h.j.b.i.PersistenceUnitInfoDescriptor  : Pushing class transformers for PU named 'default' on loading classloader jdk.internal.loader.ClassLoaders$AppClassLoader@42110406
2025-04-20T17:28:19.492-04:00  INFO 9539 --- [backend] [main] o.s.o.j.p.SpringPersistenceUnitInfo      : No LoadTimeWeaver setup: ignoring JPA class transformer
2025-04-20T17:28:19.492-04:00 DEBUG 9539 --- [backend] [main] o.h.boot.internal.BootstrapContextImpl   : Injecting JPA temp ClassLoader [null] into BootstrapContext; was [org.springframework.instrument.classloading.SimpleThrowawayClassLoader@73a845cb]
2025-04-20T17:28:19.492-04:00 DEBUG 9539 --- [backend] [main] o.h.boot.internal.ClassLoaderAccessImpl  : ClassLoaderAccessImpl#injectTempClassLoader(null) [was org.springframework.instrument.classloading.SimpleThrowawayClassLoader@73a845cb]
2025-04-20T17:28:19.496-04:00 TRACE 9539 --- [backend] [main] o.h.s.i.AbstractServiceRegistryImpl      : Initializing service [role=org.hibernate.engine.jdbc.env.spi.JdbcEnvironment]
2025-04-20T17:28:19.497-04:00 TRACE 9539 --- [backend] [main] o.h.s.i.AbstractServiceRegistryImpl      : Initializing service [role=org.hibernate.engine.jdbc.dialect.spi.DialectFactory]
2025-04-20T17:28:19.497-04:00 TRACE 9539 --- [backend] [main] o.h.s.i.AbstractServiceRegistryImpl      : Initializing service [role=org.hibernate.engine.jdbc.dialect.spi.DialectResolver]
2025-04-20T17:28:19.498-04:00 TRACE 9539 --- [backend] [main] o.h.s.i.AbstractServiceRegistryImpl      : Initializing service [role=org.hibernate.engine.jdbc.connections.spi.MultiTenantConnectionProvider]
2025-04-20T17:28:19.499-04:00 TRACE 9539 --- [backend] [main] o.h.s.i.AbstractServiceRegistryImpl      : Initializing service [role=org.hibernate.engine.jdbc.connections.spi.ConnectionProvider]
2025-04-20T17:28:19.499-04:00 TRACE 9539 --- [backend] [main] o.h.s.i.AbstractServiceRegistryImpl      : Initializing service [role=org.hibernate.engine.jdbc.connections.spi.MultiTenantConnectionProvider]
2025-04-20T17:28:19.499-04:00 TRACE 9539 --- [backend] [main] o.h.s.i.AbstractServiceRegistryImpl      : Initializing service [role=org.hibernate.engine.jndi.spi.JndiService]
2025-04-20T17:28:19.503-04:00 TRACE 9539 --- [backend] [main] o.h.s.i.AbstractServiceRegistryImpl      : Initializing service [role=org.hibernate.resource.transaction.spi.TransactionCoordinatorBuilder]
2025-04-20T17:28:19.507-04:00 DEBUG 9539 --- [backend] [main] com.zaxxer.hikari.HikariConfig           : HikariPool-1 - configuration:
2025-04-20T17:28:19.510-04:00 DEBUG 9539 --- [backend] [main] com.zaxxer.hikari.HikariConfig           : allowPoolSuspension.............false
2025-04-20T17:28:19.510-04:00 DEBUG 9539 --- [backend] [main] com.zaxxer.hikari.HikariConfig           : autoCommit......................true
2025-04-20T17:28:19.510-04:00 DEBUG 9539 --- [backend] [main] com.zaxxer.hikari.HikariConfig           : catalog.........................none
2025-04-20T17:28:19.510-04:00 DEBUG 9539 --- [backend] [main] com.zaxxer.hikari.HikariConfig           : connectionInitSql...............none
2025-04-20T17:28:19.510-04:00 DEBUG 9539 --- [backend] [main] com.zaxxer.hikari.HikariConfig           : connectionTestQuery.............none
2025-04-20T17:28:19.510-04:00 DEBUG 9539 --- [backend] [main] com.zaxxer.hikari.HikariConfig           : connectionTimeout...............30000
2025-04-20T17:28:19.510-04:00 DEBUG 9539 --- [backend] [main] com.zaxxer.hikari.HikariConfig           : dataSource......................none
2025-04-20T17:28:19.510-04:00 DEBUG 9539 --- [backend] [main] com.zaxxer.hikari.HikariConfig           : dataSourceClassName.............none
2025-04-20T17:28:19.510-04:00 DEBUG 9539 --- [backend] [main] com.zaxxer.hikari.HikariConfig           : dataSourceJNDI..................none
2025-04-20T17:28:19.510-04:00 DEBUG 9539 --- [backend] [main] com.zaxxer.hikari.HikariConfig           : dataSourceProperties............{password=<masked>}
2025-04-20T17:28:19.510-04:00 DEBUG 9539 --- [backend] [main] com.zaxxer.hikari.HikariConfig           : driverClassName................."com.mysql.cj.jdbc.Driver"
2025-04-20T17:28:19.511-04:00 DEBUG 9539 --- [backend] [main] com.zaxxer.hikari.HikariConfig           : exceptionOverrideClassName......none
2025-04-20T17:28:19.511-04:00 DEBUG 9539 --- [backend] [main] com.zaxxer.hikari.HikariConfig           : healthCheckProperties...........{}
2025-04-20T17:28:19.511-04:00 DEBUG 9539 --- [backend] [main] com.zaxxer.hikari.HikariConfig           : healthCheckRegistry.............none
2025-04-20T17:28:19.511-04:00 DEBUG 9539 --- [backend] [main] com.zaxxer.hikari.HikariConfig           : idleTimeout.....................600000
2025-04-20T17:28:19.511-04:00 DEBUG 9539 --- [backend] [main] com.zaxxer.hikari.HikariConfig           : initializationFailTimeout.......1
2025-04-20T17:28:19.511-04:00 DEBUG 9539 --- [backend] [main] com.zaxxer.hikari.HikariConfig           : isolateInternalQueries..........false
2025-04-20T17:28:19.511-04:00 DEBUG 9539 --- [backend] [main] com.zaxxer.hikari.HikariConfig           : jdbcUrl.........................jdbc:mysql://mysql-cdy2203:3306/mydatabase
2025-04-20T17:28:19.511-04:00 DEBUG 9539 --- [backend] [main] com.zaxxer.hikari.HikariConfig           : keepaliveTime...................0
2025-04-20T17:28:19.511-04:00 DEBUG 9539 --- [backend] [main] com.zaxxer.hikari.HikariConfig           : leakDetectionThreshold..........0
2025-04-20T17:28:19.511-04:00 DEBUG 9539 --- [backend] [main] com.zaxxer.hikari.HikariConfig           : maxLifetime.....................1800000
2025-04-20T17:28:19.511-04:00 DEBUG 9539 --- [backend] [main] com.zaxxer.hikari.HikariConfig           : maximumPoolSize.................10
2025-04-20T17:28:19.511-04:00 DEBUG 9539 --- [backend] [main] com.zaxxer.hikari.HikariConfig           : metricRegistry..................none
2025-04-20T17:28:19.511-04:00 DEBUG 9539 --- [backend] [main] com.zaxxer.hikari.HikariConfig           : metricsTrackerFactory...........none
2025-04-20T17:28:19.511-04:00 DEBUG 9539 --- [backend] [main] com.zaxxer.hikari.HikariConfig           : minimumIdle.....................10
2025-04-20T17:28:19.511-04:00 DEBUG 9539 --- [backend] [main] com.zaxxer.hikari.HikariConfig           : password........................<masked>
2025-04-20T17:28:19.511-04:00 DEBUG 9539 --- [backend] [main] com.zaxxer.hikari.HikariConfig           : poolName........................"HikariPool-1"
2025-04-20T17:28:19.511-04:00 DEBUG 9539 --- [backend] [main] com.zaxxer.hikari.HikariConfig           : readOnly........................false
2025-04-20T17:28:19.511-04:00 DEBUG 9539 --- [backend] [main] com.zaxxer.hikari.HikariConfig           : registerMbeans..................false
2025-04-20T17:28:19.511-04:00 DEBUG 9539 --- [backend] [main] com.zaxxer.hikari.HikariConfig           : scheduledExecutor...............none
2025-04-20T17:28:19.511-04:00 DEBUG 9539 --- [backend] [main] com.zaxxer.hikari.HikariConfig           : schema..........................none
2025-04-20T17:28:19.511-04:00 DEBUG 9539 --- [backend] [main] com.zaxxer.hikari.HikariConfig           : threadFactory...................internal
2025-04-20T17:28:19.511-04:00 DEBUG 9539 --- [backend] [main] com.zaxxer.hikari.HikariConfig           : transactionIsolation............default
2025-04-20T17:28:19.511-04:00 DEBUG 9539 --- [backend] [main] com.zaxxer.hikari.HikariConfig           : username........................"myuser"
2025-04-20T17:28:19.512-04:00 DEBUG 9539 --- [backend] [main] com.zaxxer.hikari.HikariConfig           : validationTimeout...............5000
2025-04-20T17:28:19.512-04:00  INFO 9539 --- [backend] [main] com.zaxxer.hikari.HikariDataSource       : HikariPool-1 - Starting...
2025-04-20T17:28:19.563-04:00 DEBUG 9539 --- [backend] [main] com.zaxxer.hikari.pool.PoolBase          : HikariPool-1 - Failed to create/setup connection: Communications link failure

The last packet sent successfully to the server was 0 milliseconds ago. The driver has not received any packets from the server.
2025-04-20T17:28:19.564-04:00 DEBUG 9539 --- [backend] [main] com.zaxxer.hikari.pool.HikariPool        : HikariPool-1 - Cannot acquire connection from data source

com.mysql.cj.jdbc.exceptions.CommunicationsException: Communications link failure

The last packet sent successfully to the server was 0 milliseconds ago. The driver has not received any packets from the server.
	at com.mysql.cj.jdbc.exceptions.SQLError.createCommunicationsException(SQLError.java:165) ~[mysql-connector-j-9.1.0.jar:9.1.0]
	at com.mysql.cj.jdbc.exceptions.SQLExceptionsMapping.translateException(SQLExceptionsMapping.java:55) ~[mysql-connector-j-9.1.0.jar:9.1.0]
	at com.mysql.cj.jdbc.ConnectionImpl.createNewIO(ConnectionImpl.java:837) ~[mysql-connector-j-9.1.0.jar:9.1.0]
	at com.mysql.cj.jdbc.ConnectionImpl.<init>(ConnectionImpl.java:420) ~[mysql-connector-j-9.1.0.jar:9.1.0]
	at com.mysql.cj.jdbc.ConnectionImpl.getInstance(ConnectionImpl.java:238) ~[mysql-connector-j-9.1.0.jar:9.1.0]
	at com.mysql.cj.jdbc.NonRegisteringDriver.connect(NonRegisteringDriver.java:180) ~[mysql-connector-j-9.1.0.jar:9.1.0]
	at com.zaxxer.hikari.util.DriverDataSource.getConnection(DriverDataSource.java:137) ~[HikariCP-5.1.0.jar:na]
	at com.zaxxer.hikari.pool.PoolBase.newConnection(PoolBase.java:360) ~[HikariCP-5.1.0.jar:na]
	at com.zaxxer.hikari.pool.PoolBase.newPoolEntry(PoolBase.java:202) ~[HikariCP-5.1.0.jar:na]
	at com.zaxxer.hikari.pool.HikariPool.createPoolEntry(HikariPool.java:461) ~[HikariCP-5.1.0.jar:na]
	at com.zaxxer.hikari.pool.HikariPool.checkFailFast(HikariPool.java:550) ~[HikariCP-5.1.0.jar:na]
	at com.zaxxer.hikari.pool.HikariPool.<init>(HikariPool.java:98) ~[HikariCP-5.1.0.jar:na]
	at com.zaxxer.hikari.HikariDataSource.getConnection(HikariDataSource.java:111) ~[HikariCP-5.1.0.jar:na]
	at org.hibernate.engine.jdbc.connections.internal.DatasourceConnectionProviderImpl.getConnection(DatasourceConnectionProviderImpl.java:126) ~[hibernate-core-6.6.11.Final.jar:6.6.11.Final]
	at org.hibernate.engine.jdbc.env.internal.JdbcEnvironmentInitiator$ConnectionProviderJdbcConnectionAccess.obtainConnection(JdbcEnvironmentInitiator.java:467) ~[hibernate-core-6.6.11.Final.jar:6.6.11.Final]
	at org.hibernate.resource.transaction.backend.jdbc.internal.JdbcIsolationDelegate.delegateWork(JdbcIsolationDelegate.java:61) ~[hibernate-core-6.6.11.Final.jar:6.6.11.Final]
	at org.hibernate.engine.jdbc.env.internal.JdbcEnvironmentInitiator.getJdbcEnvironmentUsingJdbcMetadata(JdbcEnvironmentInitiator.java:320) ~[hibernate-core-6.6.11.Final.jar:6.6.11.Final]
	at org.hibernate.engine.jdbc.env.internal.JdbcEnvironmentInitiator.initiateService(JdbcEnvironmentInitiator.java:129) ~[hibernate-core-6.6.11.Final.jar:6.6.11.Final]
	at org.hibernate.engine.jdbc.env.internal.JdbcEnvironmentInitiator.initiateService(JdbcEnvironmentInitiator.java:81) ~[hibernate-core-6.6.11.Final.jar:6.6.11.Final]
	at org.hibernate.boot.registry.internal.StandardServiceRegistryImpl.initiateService(StandardServiceRegistryImpl.java:130) ~[hibernate-core-6.6.11.Final.jar:6.6.11.Final]
	at org.hibernate.service.internal.AbstractServiceRegistryImpl.createService(AbstractServiceRegistryImpl.java:263) ~[hibernate-core-6.6.11.Final.jar:6.6.11.Final]
	at org.hibernate.service.internal.AbstractServiceRegistryImpl.initializeService(AbstractServiceRegistryImpl.java:238) ~[hibernate-core-6.6.11.Final.jar:6.6.11.Final]
	at org.hibernate.service.internal.AbstractServiceRegistryImpl.getService(AbstractServiceRegistryImpl.java:215) ~[hibernate-core-6.6.11.Final.jar:6.6.11.Final]
	at org.hibernate.boot.model.relational.Database.<init>(Database.java:45) ~[hibernate-core-6.6.11.Final.jar:6.6.11.Final]
	at org.hibernate.boot.internal.InFlightMetadataCollectorImpl.getDatabase(InFlightMetadataCollectorImpl.java:226) ~[hibernate-core-6.6.11.Final.jar:6.6.11.Final]
	at org.hibernate.boot.internal.InFlightMetadataCollectorImpl.<init>(InFlightMetadataCollectorImpl.java:194) ~[hibernate-core-6.6.11.Final.jar:6.6.11.Final]
	at org.hibernate.boot.model.process.spi.MetadataBuildingProcess.complete(MetadataBuildingProcess.java:171) ~[hibernate-core-6.6.11.Final.jar:6.6.11.Final]
	at org.hibernate.jpa.boot.internal.EntityManagerFactoryBuilderImpl.metadata(EntityManagerFactoryBuilderImpl.java:1442) ~[hibernate-core-6.6.11.Final.jar:6.6.11.Final]
	at org.hibernate.jpa.boot.internal.EntityManagerFactoryBuilderImpl.build(EntityManagerFactoryBuilderImpl.java:1513) ~[hibernate-core-6.6.11.Final.jar:6.6.11.Final]
	at org.springframework.orm.jpa.vendor.SpringHibernateJpaPersistenceProvider.createContainerEntityManagerFactory(SpringHibernateJpaPersistenceProvider.java:66) ~[spring-orm-6.2.5.jar:6.2.5]
	at org.springframework.orm.jpa.LocalContainerEntityManagerFactoryBean.createNativeEntityManagerFactory(LocalContainerEntityManagerFactoryBean.java:390) ~[spring-orm-6.2.5.jar:6.2.5]
	at org.springframework.orm.jpa.AbstractEntityManagerFactoryBean.buildNativeEntityManagerFactory(AbstractEntityManagerFactoryBean.java:419) ~[spring-orm-6.2.5.jar:6.2.5]
	at org.springframework.orm.jpa.AbstractEntityManagerFactoryBean.afterPropertiesSet(AbstractEntityManagerFactoryBean.java:400) ~[spring-orm-6.2.5.jar:6.2.5]
	at org.springframework.orm.jpa.LocalContainerEntityManagerFactoryBean.afterPropertiesSet(LocalContainerEntityManagerFactoryBean.java:366) ~[spring-orm-6.2.5.jar:6.2.5]
	at org.springframework.beans.factory.support.AbstractAutowireCapableBeanFactory.invokeInitMethods(AbstractAutowireCapableBeanFactory.java:1859) ~[spring-beans-6.2.5.jar:6.2.5]
	at org.springframework.beans.factory.support.AbstractAutowireCapableBeanFactory.initializeBean(AbstractAutowireCapableBeanFactory.java:1808) ~[spring-beans-6.2.5.jar:6.2.5]
	at org.springframework.beans.factory.support.AbstractAutowireCapableBeanFactory.doCreateBean(AbstractAutowireCapableBeanFactory.java:601) ~[spring-beans-6.2.5.jar:6.2.5]
	at org.springframework.beans.factory.support.AbstractAutowireCapableBeanFactory.createBean(AbstractAutowireCapableBeanFactory.java:523) ~[spring-beans-6.2.5.jar:6.2.5]
	at org.springframework.beans.factory.support.AbstractBeanFactory.lambda$doGetBean$0(AbstractBeanFactory.java:339) ~[spring-beans-6.2.5.jar:6.2.5]
	at org.springframework.beans.factory.support.DefaultSingletonBeanRegistry.getSingleton(DefaultSingletonBeanRegistry.java:347) ~[spring-beans-6.2.5.jar:6.2.5]
	at org.springframework.beans.factory.support.AbstractBeanFactory.doGetBean(AbstractBeanFactory.java:337) ~[spring-beans-6.2.5.jar:6.2.5]
	at org.springframework.beans.factory.support.AbstractBeanFactory.getBean(AbstractBeanFactory.java:207) ~[spring-beans-6.2.5.jar:6.2.5]
	at org.springframework.context.support.AbstractApplicationContext.finishBeanFactoryInitialization(AbstractApplicationContext.java:970) ~[spring-context-6.2.5.jar:6.2.5]
	at org.springframework.context.support.AbstractApplicationContext.refresh(AbstractApplicationContext.java:627) ~[spring-context-6.2.5.jar:6.2.5]
	at org.springframework.boot.web.servlet.context.ServletWebServerApplicationContext.refresh(ServletWebServerApplicationContext.java:146) ~[spring-boot-3.4.4.jar:3.4.4]
	at org.springframework.boot.SpringApplication.refresh(SpringApplication.java:752) ~[spring-boot-3.4.4.jar:3.4.4]
	at org.springframework.boot.SpringApplication.refreshContext(SpringApplication.java:439) ~[spring-boot-3.4.4.jar:3.4.4]
	at org.springframework.boot.SpringApplication.run(SpringApplication.java:318) ~[spring-boot-3.4.4.jar:3.4.4]
	at org.springframework.boot.SpringApplication.run(SpringApplication.java:1361) ~[spring-boot-3.4.4.jar:3.4.4]
	at org.springframework.boot.SpringApplication.run(SpringApplication.java:1350) ~[spring-boot-3.4.4.jar:3.4.4]
	at com.duoc.backend.BackendApplication.main(BackendApplication.java:10) ~[classes/:na]
Caused by: com.mysql.cj.exceptions.CJCommunicationsException: Communications link failure

The last packet sent successfully to the server was 0 milliseconds ago. The driver has not received any packets from the server.
	at java.base/jdk.internal.reflect.NativeConstructorAccessorImpl.newInstance0(Native Method) ~[na:na]
	at java.base/jdk.internal.reflect.NativeConstructorAccessorImpl.newInstance(NativeConstructorAccessorImpl.java:77) ~[na:na]
	at java.base/jdk.internal.reflect.DelegatingConstructorAccessorImpl.newInstance(DelegatingConstructorAccessorImpl.java:45) ~[na:na]
	at java.base/java.lang.reflect.Constructor.newInstanceWithCaller(Constructor.java:499) ~[na:na]
	at java.base/java.lang.reflect.Constructor.newInstance(Constructor.java:480) ~[na:na]
	at com.mysql.cj.exceptions.ExceptionFactory.createException(ExceptionFactory.java:52) ~[mysql-connector-j-9.1.0.jar:9.1.0]
	at com.mysql.cj.exceptions.ExceptionFactory.createException(ExceptionFactory.java:95) ~[mysql-connector-j-9.1.0.jar:9.1.0]
	at com.mysql.cj.exceptions.ExceptionFactory.createException(ExceptionFactory.java:140) ~[mysql-connector-j-9.1.0.jar:9.1.0]
	at com.mysql.cj.exceptions.ExceptionFactory.createCommunicationsException(ExceptionFactory.java:156) ~[mysql-connector-j-9.1.0.jar:9.1.0]
	at com.mysql.cj.protocol.a.NativeSocketConnection.connect(NativeSocketConnection.java:79) ~[mysql-connector-j-9.1.0.jar:9.1.0]
	at com.mysql.cj.NativeSession.connect(NativeSession.java:142) ~[mysql-connector-j-9.1.0.jar:9.1.0]
	at com.mysql.cj.jdbc.ConnectionImpl.connectOneTryOnly(ConnectionImpl.java:961) ~[mysql-connector-j-9.1.0.jar:9.1.0]
	at com.mysql.cj.jdbc.ConnectionImpl.createNewIO(ConnectionImpl.java:825) ~[mysql-connector-j-9.1.0.jar:9.1.0]
	... 48 common frames omitted
Caused by: java.net.UnknownHostException: mysql-cdy2203: nodename nor servname provided, or not known
	at java.base/java.net.Inet6AddressImpl.lookupAllHostAddr(Native Method) ~[na:na]
	at java.base/java.net.InetAddress$PlatformNameService.lookupAllHostAddr(InetAddress.java:934) ~[na:na]
	at java.base/java.net.InetAddress.getAddressesFromNameService(InetAddress.java:1543) ~[na:na]
	at java.base/java.net.InetAddress$NameServiceAddresses.get(InetAddress.java:852) ~[na:na]
	at java.base/java.net.InetAddress.getAllByName0(InetAddress.java:1533) ~[na:na]
	at java.base/java.net.InetAddress.getAllByName(InetAddress.java:1385) ~[na:na]
	at java.base/java.net.InetAddress.getAllByName(InetAddress.java:1306) ~[na:na]
	at com.mysql.cj.protocol.StandardSocketFactory.connect(StandardSocketFactory.java:121) ~[mysql-connector-j-9.1.0.jar:9.1.0]
	at com.mysql.cj.protocol.a.NativeSocketConnection.connect(NativeSocketConnection.java:53) ~[mysql-connector-j-9.1.0.jar:9.1.0]
	... 51 common frames omitted

2025-04-20T17:28:20.573-04:00 DEBUG 9539 --- [backend] [main] o.h.engine.jdbc.spi.SqlExceptionHelper   : unable to obtain isolated JDBC connection [n/a]

com.mysql.cj.jdbc.exceptions.CommunicationsException: Communications link failure

The last packet sent successfully to the server was 0 milliseconds ago. The driver has not received any packets from the server.
	at com.mysql.cj.jdbc.exceptions.SQLError.createCommunicationsException(SQLError.java:165) ~[mysql-connector-j-9.1.0.jar:9.1.0]
	at com.mysql.cj.jdbc.exceptions.SQLExceptionsMapping.translateException(SQLExceptionsMapping.java:55) ~[mysql-connector-j-9.1.0.jar:9.1.0]
	at com.mysql.cj.jdbc.ConnectionImpl.createNewIO(ConnectionImpl.java:837) ~[mysql-connector-j-9.1.0.jar:9.1.0]
	at com.mysql.cj.jdbc.ConnectionImpl.<init>(ConnectionImpl.java:420) ~[mysql-connector-j-9.1.0.jar:9.1.0]
	at com.mysql.cj.jdbc.ConnectionImpl.getInstance(ConnectionImpl.java:238) ~[mysql-connector-j-9.1.0.jar:9.1.0]
	at com.mysql.cj.jdbc.NonRegisteringDriver.connect(NonRegisteringDriver.java:180) ~[mysql-connector-j-9.1.0.jar:9.1.0]
	at com.zaxxer.hikari.util.DriverDataSource.getConnection(DriverDataSource.java:137) ~[HikariCP-5.1.0.jar:na]
	at com.zaxxer.hikari.pool.PoolBase.newConnection(PoolBase.java:360) ~[HikariCP-5.1.0.jar:na]
	at com.zaxxer.hikari.pool.PoolBase.newPoolEntry(PoolBase.java:202) ~[HikariCP-5.1.0.jar:na]
	at com.zaxxer.hikari.pool.HikariPool.createPoolEntry(HikariPool.java:461) ~[HikariCP-5.1.0.jar:na]
	at com.zaxxer.hikari.pool.HikariPool.checkFailFast(HikariPool.java:550) ~[HikariCP-5.1.0.jar:na]
	at com.zaxxer.hikari.pool.HikariPool.<init>(HikariPool.java:98) ~[HikariCP-5.1.0.jar:na]
	at com.zaxxer.hikari.HikariDataSource.getConnection(HikariDataSource.java:111) ~[HikariCP-5.1.0.jar:na]
	at org.hibernate.engine.jdbc.connections.internal.DatasourceConnectionProviderImpl.getConnection(DatasourceConnectionProviderImpl.java:126) ~[hibernate-core-6.6.11.Final.jar:6.6.11.Final]
	at org.hibernate.engine.jdbc.env.internal.JdbcEnvironmentInitiator$ConnectionProviderJdbcConnectionAccess.obtainConnection(JdbcEnvironmentInitiator.java:467) ~[hibernate-core-6.6.11.Final.jar:6.6.11.Final]
	at org.hibernate.resource.transaction.backend.jdbc.internal.JdbcIsolationDelegate.delegateWork(JdbcIsolationDelegate.java:61) ~[hibernate-core-6.6.11.Final.jar:6.6.11.Final]
	at org.hibernate.engine.jdbc.env.internal.JdbcEnvironmentInitiator.getJdbcEnvironmentUsingJdbcMetadata(JdbcEnvironmentInitiator.java:320) ~[hibernate-core-6.6.11.Final.jar:6.6.11.Final]
	at org.hibernate.engine.jdbc.env.internal.JdbcEnvironmentInitiator.initiateService(JdbcEnvironmentInitiator.java:129) ~[hibernate-core-6.6.11.Final.jar:6.6.11.Final]
	at org.hibernate.engine.jdbc.env.internal.JdbcEnvironmentInitiator.initiateService(JdbcEnvironmentInitiator.java:81) ~[hibernate-core-6.6.11.Final.jar:6.6.11.Final]
	at org.hibernate.boot.registry.internal.StandardServiceRegistryImpl.initiateService(StandardServiceRegistryImpl.java:130) ~[hibernate-core-6.6.11.Final.jar:6.6.11.Final]
	at org.hibernate.service.internal.AbstractServiceRegistryImpl.createService(AbstractServiceRegistryImpl.java:263) ~[hibernate-core-6.6.11.Final.jar:6.6.11.Final]
	at org.hibernate.service.internal.AbstractServiceRegistryImpl.initializeService(AbstractServiceRegistryImpl.java:238) ~[hibernate-core-6.6.11.Final.jar:6.6.11.Final]
	at org.hibernate.service.internal.AbstractServiceRegistryImpl.getService(AbstractServiceRegistryImpl.java:215) ~[hibernate-core-6.6.11.Final.jar:6.6.11.Final]
	at org.hibernate.boot.model.relational.Database.<init>(Database.java:45) ~[hibernate-core-6.6.11.Final.jar:6.6.11.Final]
	at org.hibernate.boot.internal.InFlightMetadataCollectorImpl.getDatabase(InFlightMetadataCollectorImpl.java:226) ~[hibernate-core-6.6.11.Final.jar:6.6.11.Final]
	at org.hibernate.boot.internal.InFlightMetadataCollectorImpl.<init>(InFlightMetadataCollectorImpl.java:194) ~[hibernate-core-6.6.11.Final.jar:6.6.11.Final]
	at org.hibernate.boot.model.process.spi.MetadataBuildingProcess.complete(MetadataBuildingProcess.java:171) ~[hibernate-core-6.6.11.Final.jar:6.6.11.Final]
	at org.hibernate.jpa.boot.internal.EntityManagerFactoryBuilderImpl.metadata(EntityManagerFactoryBuilderImpl.java:1442) ~[hibernate-core-6.6.11.Final.jar:6.6.11.Final]
	at org.hibernate.jpa.boot.internal.EntityManagerFactoryBuilderImpl.build(EntityManagerFactoryBuilderImpl.java:1513) ~[hibernate-core-6.6.11.Final.jar:6.6.11.Final]
	at org.springframework.orm.jpa.vendor.SpringHibernateJpaPersistenceProvider.createContainerEntityManagerFactory(SpringHibernateJpaPersistenceProvider.java:66) ~[spring-orm-6.2.5.jar:6.2.5]
	at org.springframework.orm.jpa.LocalContainerEntityManagerFactoryBean.createNativeEntityManagerFactory(LocalContainerEntityManagerFactoryBean.java:390) ~[spring-orm-6.2.5.jar:6.2.5]
	at org.springframework.orm.jpa.AbstractEntityManagerFactoryBean.buildNativeEntityManagerFactory(AbstractEntityManagerFactoryBean.java:419) ~[spring-orm-6.2.5.jar:6.2.5]
	at org.springframework.orm.jpa.AbstractEntityManagerFactoryBean.afterPropertiesSet(AbstractEntityManagerFactoryBean.java:400) ~[spring-orm-6.2.5.jar:6.2.5]
	at org.springframework.orm.jpa.LocalContainerEntityManagerFactoryBean.afterPropertiesSet(LocalContainerEntityManagerFactoryBean.java:366) ~[spring-orm-6.2.5.jar:6.2.5]
	at org.springframework.beans.factory.support.AbstractAutowireCapableBeanFactory.invokeInitMethods(AbstractAutowireCapableBeanFactory.java:1859) ~[spring-beans-6.2.5.jar:6.2.5]
	at org.springframework.beans.factory.support.AbstractAutowireCapableBeanFactory.initializeBean(AbstractAutowireCapableBeanFactory.java:1808) ~[spring-beans-6.2.5.jar:6.2.5]
	at org.springframework.beans.factory.support.AbstractAutowireCapableBeanFactory.doCreateBean(AbstractAutowireCapableBeanFactory.java:601) ~[spring-beans-6.2.5.jar:6.2.5]
	at org.springframework.beans.factory.support.AbstractAutowireCapableBeanFactory.createBean(AbstractAutowireCapableBeanFactory.java:523) ~[spring-beans-6.2.5.jar:6.2.5]
	at org.springframework.beans.factory.support.AbstractBeanFactory.lambda$doGetBean$0(AbstractBeanFactory.java:339) ~[spring-beans-6.2.5.jar:6.2.5]
	at org.springframework.beans.factory.support.DefaultSingletonBeanRegistry.getSingleton(DefaultSingletonBeanRegistry.java:347) ~[spring-beans-6.2.5.jar:6.2.5]
	at org.springframework.beans.factory.support.AbstractBeanFactory.doGetBean(AbstractBeanFactory.java:337) ~[spring-beans-6.2.5.jar:6.2.5]
	at org.springframework.beans.factory.support.AbstractBeanFactory.getBean(AbstractBeanFactory.java:207) ~[spring-beans-6.2.5.jar:6.2.5]
	at org.springframework.context.support.AbstractApplicationContext.finishBeanFactoryInitialization(AbstractApplicationContext.java:970) ~[spring-context-6.2.5.jar:6.2.5]
	at org.springframework.context.support.AbstractApplicationContext.refresh(AbstractApplicationContext.java:627) ~[spring-context-6.2.5.jar:6.2.5]
	at org.springframework.boot.web.servlet.context.ServletWebServerApplicationContext.refresh(ServletWebServerApplicationContext.java:146) ~[spring-boot-3.4.4.jar:3.4.4]
	at org.springframework.boot.SpringApplication.refresh(SpringApplication.java:752) ~[spring-boot-3.4.4.jar:3.4.4]
	at org.springframework.boot.SpringApplication.refreshContext(SpringApplication.java:439) ~[spring-boot-3.4.4.jar:3.4.4]
	at org.springframework.boot.SpringApplication.run(SpringApplication.java:318) ~[spring-boot-3.4.4.jar:3.4.4]
	at org.springframework.boot.SpringApplication.run(SpringApplication.java:1361) ~[spring-boot-3.4.4.jar:3.4.4]
	at org.springframework.boot.SpringApplication.run(SpringApplication.java:1350) ~[spring-boot-3.4.4.jar:3.4.4]
	at com.duoc.backend.BackendApplication.main(BackendApplication.java:10) ~[classes/:na]
Caused by: com.mysql.cj.exceptions.CJCommunicationsException: Communications link failure

The last packet sent successfully to the server was 0 milliseconds ago. The driver has not received any packets from the server.
	at java.base/jdk.internal.reflect.NativeConstructorAccessorImpl.newInstance0(Native Method) ~[na:na]
	at java.base/jdk.internal.reflect.NativeConstructorAccessorImpl.newInstance(NativeConstructorAccessorImpl.java:77) ~[na:na]
	at java.base/jdk.internal.reflect.DelegatingConstructorAccessorImpl.newInstance(DelegatingConstructorAccessorImpl.java:45) ~[na:na]
	at java.base/java.lang.reflect.Constructor.newInstanceWithCaller(Constructor.java:499) ~[na:na]
	at java.base/java.lang.reflect.Constructor.newInstance(Constructor.java:480) ~[na:na]
	at com.mysql.cj.exceptions.ExceptionFactory.createException(ExceptionFactory.java:52) ~[mysql-connector-j-9.1.0.jar:9.1.0]
	at com.mysql.cj.exceptions.ExceptionFactory.createException(ExceptionFactory.java:95) ~[mysql-connector-j-9.1.0.jar:9.1.0]
	at com.mysql.cj.exceptions.ExceptionFactory.createException(ExceptionFactory.java:140) ~[mysql-connector-j-9.1.0.jar:9.1.0]
	at com.mysql.cj.exceptions.ExceptionFactory.createCommunicationsException(ExceptionFactory.java:156) ~[mysql-connector-j-9.1.0.jar:9.1.0]
	at com.mysql.cj.protocol.a.NativeSocketConnection.connect(NativeSocketConnection.java:79) ~[mysql-connector-j-9.1.0.jar:9.1.0]
	at com.mysql.cj.NativeSession.connect(NativeSession.java:142) ~[mysql-connector-j-9.1.0.jar:9.1.0]
	at com.mysql.cj.jdbc.ConnectionImpl.connectOneTryOnly(ConnectionImpl.java:961) ~[mysql-connector-j-9.1.0.jar:9.1.0]
	at com.mysql.cj.jdbc.ConnectionImpl.createNewIO(ConnectionImpl.java:825) ~[mysql-connector-j-9.1.0.jar:9.1.0]
	... 48 common frames omitted
Caused by: java.net.UnknownHostException: mysql-cdy2203: nodename nor servname provided, or not known
	at java.base/java.net.Inet6AddressImpl.lookupAllHostAddr(Native Method) ~[na:na]
	at java.base/java.net.InetAddress$PlatformNameService.lookupAllHostAddr(InetAddress.java:934) ~[na:na]
	at java.base/java.net.InetAddress.getAddressesFromNameService(InetAddress.java:1543) ~[na:na]
	at java.base/java.net.InetAddress$NameServiceAddresses.get(InetAddress.java:852) ~[na:na]
	at java.base/java.net.InetAddress.getAllByName0(InetAddress.java:1533) ~[na:na]
	at java.base/java.net.InetAddress.getAllByName(InetAddress.java:1385) ~[na:na]
	at java.base/java.net.InetAddress.getAllByName(InetAddress.java:1306) ~[na:na]
	at com.mysql.cj.protocol.StandardSocketFactory.connect(StandardSocketFactory.java:121) ~[mysql-connector-j-9.1.0.jar:9.1.0]
	at com.mysql.cj.protocol.a.NativeSocketConnection.connect(NativeSocketConnection.java:53) ~[mysql-connector-j-9.1.0.jar:9.1.0]
	... 51 common frames omitted

2025-04-20T17:28:20.577-04:00  WARN 9539 --- [backend] [main] o.h.engine.jdbc.spi.SqlExceptionHelper   : SQL Error: 0, SQLState: 08S01
2025-04-20T17:28:20.577-04:00 ERROR 9539 --- [backend] [main] o.h.engine.jdbc.spi.SqlExceptionHelper   : Communications link failure

The last packet sent successfully to the server was 0 milliseconds ago. The driver has not received any packets from the server.
2025-04-20T17:28:20.579-04:00  WARN 9539 --- [backend] [main] o.h.e.j.e.i.JdbcEnvironmentInitiator     : HHH000342: Could not obtain connection to query metadata

org.hibernate.exception.JDBCConnectionException: unable to obtain isolated JDBC connection [Communications link failure

The last packet sent successfully to the server was 0 milliseconds ago. The driver has not received any packets from the server.] [n/a]
	at org.hibernate.exception.internal.SQLStateConversionDelegate.convert(SQLStateConversionDelegate.java:100) ~[hibernate-core-6.6.11.Final.jar:6.6.11.Final]
	at org.hibernate.exception.internal.StandardSQLExceptionConverter.convert(StandardSQLExceptionConverter.java:58) ~[hibernate-core-6.6.11.Final.jar:6.6.11.Final]
	at org.hibernate.engine.jdbc.spi.SqlExceptionHelper.convert(SqlExceptionHelper.java:108) ~[hibernate-core-6.6.11.Final.jar:6.6.11.Final]
	at org.hibernate.engine.jdbc.spi.SqlExceptionHelper.convert(SqlExceptionHelper.java:94) ~[hibernate-core-6.6.11.Final.jar:6.6.11.Final]
	at org.hibernate.resource.transaction.backend.jdbc.internal.JdbcIsolationDelegate.delegateWork(JdbcIsolationDelegate.java:116) ~[hibernate-core-6.6.11.Final.jar:6.6.11.Final]
	at org.hibernate.engine.jdbc.env.internal.JdbcEnvironmentInitiator.getJdbcEnvironmentUsingJdbcMetadata(JdbcEnvironmentInitiator.java:320) ~[hibernate-core-6.6.11.Final.jar:6.6.11.Final]
	at org.hibernate.engine.jdbc.env.internal.JdbcEnvironmentInitiator.initiateService(JdbcEnvironmentInitiator.java:129) ~[hibernate-core-6.6.11.Final.jar:6.6.11.Final]
	at org.hibernate.engine.jdbc.env.internal.JdbcEnvironmentInitiator.initiateService(JdbcEnvironmentInitiator.java:81) ~[hibernate-core-6.6.11.Final.jar:6.6.11.Final]
	at org.hibernate.boot.registry.internal.StandardServiceRegistryImpl.initiateService(StandardServiceRegistryImpl.java:130) ~[hibernate-core-6.6.11.Final.jar:6.6.11.Final]
	at org.hibernate.service.internal.AbstractServiceRegistryImpl.createService(AbstractServiceRegistryImpl.java:263) ~[hibernate-core-6.6.11.Final.jar:6.6.11.Final]
	at org.hibernate.service.internal.AbstractServiceRegistryImpl.initializeService(AbstractServiceRegistryImpl.java:238) ~[hibernate-core-6.6.11.Final.jar:6.6.11.Final]
	at org.hibernate.service.internal.AbstractServiceRegistryImpl.getService(AbstractServiceRegistryImpl.java:215) ~[hibernate-core-6.6.11.Final.jar:6.6.11.Final]
	at org.hibernate.boot.model.relational.Database.<init>(Database.java:45) ~[hibernate-core-6.6.11.Final.jar:6.6.11.Final]
	at org.hibernate.boot.internal.InFlightMetadataCollectorImpl.getDatabase(InFlightMetadataCollectorImpl.java:226) ~[hibernate-core-6.6.11.Final.jar:6.6.11.Final]
	at org.hibernate.boot.internal.InFlightMetadataCollectorImpl.<init>(InFlightMetadataCollectorImpl.java:194) ~[hibernate-core-6.6.11.Final.jar:6.6.11.Final]
	at org.hibernate.boot.model.process.spi.MetadataBuildingProcess.complete(MetadataBuildingProcess.java:171) ~[hibernate-core-6.6.11.Final.jar:6.6.11.Final]
	at org.hibernate.jpa.boot.internal.EntityManagerFactoryBuilderImpl.metadata(EntityManagerFactoryBuilderImpl.java:1442) ~[hibernate-core-6.6.11.Final.jar:6.6.11.Final]
	at org.hibernate.jpa.boot.internal.EntityManagerFactoryBuilderImpl.build(EntityManagerFactoryBuilderImpl.java:1513) ~[hibernate-core-6.6.11.Final.jar:6.6.11.Final]
	at org.springframework.orm.jpa.vendor.SpringHibernateJpaPersistenceProvider.createContainerEntityManagerFactory(SpringHibernateJpaPersistenceProvider.java:66) ~[spring-orm-6.2.5.jar:6.2.5]
	at org.springframework.orm.jpa.LocalContainerEntityManagerFactoryBean.createNativeEntityManagerFactory(LocalContainerEntityManagerFactoryBean.java:390) ~[spring-orm-6.2.5.jar:6.2.5]
	at org.springframework.orm.jpa.AbstractEntityManagerFactoryBean.buildNativeEntityManagerFactory(AbstractEntityManagerFactoryBean.java:419) ~[spring-orm-6.2.5.jar:6.2.5]
	at org.springframework.orm.jpa.AbstractEntityManagerFactoryBean.afterPropertiesSet(AbstractEntityManagerFactoryBean.java:400) ~[spring-orm-6.2.5.jar:6.2.5]
	at org.springframework.orm.jpa.LocalContainerEntityManagerFactoryBean.afterPropertiesSet(LocalContainerEntityManagerFactoryBean.java:366) ~[spring-orm-6.2.5.jar:6.2.5]
	at org.springframework.beans.factory.support.AbstractAutowireCapableBeanFactory.invokeInitMethods(AbstractAutowireCapableBeanFactory.java:1859) ~[spring-beans-6.2.5.jar:6.2.5]
	at org.springframework.beans.factory.support.AbstractAutowireCapableBeanFactory.initializeBean(AbstractAutowireCapableBeanFactory.java:1808) ~[spring-beans-6.2.5.jar:6.2.5]
	at org.springframework.beans.factory.support.AbstractAutowireCapableBeanFactory.doCreateBean(AbstractAutowireCapableBeanFactory.java:601) ~[spring-beans-6.2.5.jar:6.2.5]
	at org.springframework.beans.factory.support.AbstractAutowireCapableBeanFactory.createBean(AbstractAutowireCapableBeanFactory.java:523) ~[spring-beans-6.2.5.jar:6.2.5]
	at org.springframework.beans.factory.support.AbstractBeanFactory.lambda$doGetBean$0(AbstractBeanFactory.java:339) ~[spring-beans-6.2.5.jar:6.2.5]
	at org.springframework.beans.factory.support.DefaultSingletonBeanRegistry.getSingleton(DefaultSingletonBeanRegistry.java:347) ~[spring-beans-6.2.5.jar:6.2.5]
	at org.springframework.beans.factory.support.AbstractBeanFactory.doGetBean(AbstractBeanFactory.java:337) ~[spring-beans-6.2.5.jar:6.2.5]
	at org.springframework.beans.factory.support.AbstractBeanFactory.getBean(AbstractBeanFactory.java:207) ~[spring-beans-6.2.5.jar:6.2.5]
	at org.springframework.context.support.AbstractApplicationContext.finishBeanFactoryInitialization(AbstractApplicationContext.java:970) ~[spring-context-6.2.5.jar:6.2.5]
	at org.springframework.context.support.AbstractApplicationContext.refresh(AbstractApplicationContext.java:627) ~[spring-context-6.2.5.jar:6.2.5]
	at org.springframework.boot.web.servlet.context.ServletWebServerApplicationContext.refresh(ServletWebServerApplicationContext.java:146) ~[spring-boot-3.4.4.jar:3.4.4]
	at org.springframework.boot.SpringApplication.refresh(SpringApplication.java:752) ~[spring-boot-3.4.4.jar:3.4.4]
	at org.springframework.boot.SpringApplication.refreshContext(SpringApplication.java:439) ~[spring-boot-3.4.4.jar:3.4.4]
	at org.springframework.boot.SpringApplication.run(SpringApplication.java:318) ~[spring-boot-3.4.4.jar:3.4.4]
	at org.springframework.boot.SpringApplication.run(SpringApplication.java:1361) ~[spring-boot-3.4.4.jar:3.4.4]
	at org.springframework.boot.SpringApplication.run(SpringApplication.java:1350) ~[spring-boot-3.4.4.jar:3.4.4]
	at com.duoc.backend.BackendApplication.main(BackendApplication.java:10) ~[classes/:na]
Caused by: com.mysql.cj.jdbc.exceptions.CommunicationsException: Communications link failure

The last packet sent successfully to the server was 0 milliseconds ago. The driver has not received any packets from the server.
	at com.mysql.cj.jdbc.exceptions.SQLError.createCommunicationsException(SQLError.java:165) ~[mysql-connector-j-9.1.0.jar:9.1.0]
	at com.mysql.cj.jdbc.exceptions.SQLExceptionsMapping.translateException(SQLExceptionsMapping.java:55) ~[mysql-connector-j-9.1.0.jar:9.1.0]
	at com.mysql.cj.jdbc.ConnectionImpl.createNewIO(ConnectionImpl.java:837) ~[mysql-connector-j-9.1.0.jar:9.1.0]
	at com.mysql.cj.jdbc.ConnectionImpl.<init>(ConnectionImpl.java:420) ~[mysql-connector-j-9.1.0.jar:9.1.0]
	at com.mysql.cj.jdbc.ConnectionImpl.getInstance(ConnectionImpl.java:238) ~[mysql-connector-j-9.1.0.jar:9.1.0]
	at com.mysql.cj.jdbc.NonRegisteringDriver.connect(NonRegisteringDriver.java:180) ~[mysql-connector-j-9.1.0.jar:9.1.0]
	at com.zaxxer.hikari.util.DriverDataSource.getConnection(DriverDataSource.java:137) ~[HikariCP-5.1.0.jar:na]
	at com.zaxxer.hikari.pool.PoolBase.newConnection(PoolBase.java:360) ~[HikariCP-5.1.0.jar:na]
	at com.zaxxer.hikari.pool.PoolBase.newPoolEntry(PoolBase.java:202) ~[HikariCP-5.1.0.jar:na]
	at com.zaxxer.hikari.pool.HikariPool.createPoolEntry(HikariPool.java:461) ~[HikariCP-5.1.0.jar:na]
	at com.zaxxer.hikari.pool.HikariPool.checkFailFast(HikariPool.java:550) ~[HikariCP-5.1.0.jar:na]
	at com.zaxxer.hikari.pool.HikariPool.<init>(HikariPool.java:98) ~[HikariCP-5.1.0.jar:na]
	at com.zaxxer.hikari.HikariDataSource.getConnection(HikariDataSource.java:111) ~[HikariCP-5.1.0.jar:na]
	at org.hibernate.engine.jdbc.connections.internal.DatasourceConnectionProviderImpl.getConnection(DatasourceConnectionProviderImpl.java:126) ~[hibernate-core-6.6.11.Final.jar:6.6.11.Final]
	at org.hibernate.engine.jdbc.env.internal.JdbcEnvironmentInitiator$ConnectionProviderJdbcConnectionAccess.obtainConnection(JdbcEnvironmentInitiator.java:467) ~[hibernate-core-6.6.11.Final.jar:6.6.11.Final]
	at org.hibernate.resource.transaction.backend.jdbc.internal.JdbcIsolationDelegate.delegateWork(JdbcIsolationDelegate.java:61) ~[hibernate-core-6.6.11.Final.jar:6.6.11.Final]
	... 35 common frames omitted
Caused by: com.mysql.cj.exceptions.CJCommunicationsException: Communications link failure

The last packet sent successfully to the server was 0 milliseconds ago. The driver has not received any packets from the server.
	at java.base/jdk.internal.reflect.NativeConstructorAccessorImpl.newInstance0(Native Method) ~[na:na]
	at java.base/jdk.internal.reflect.NativeConstructorAccessorImpl.newInstance(NativeConstructorAccessorImpl.java:77) ~[na:na]
	at java.base/jdk.internal.reflect.DelegatingConstructorAccessorImpl.newInstance(DelegatingConstructorAccessorImpl.java:45) ~[na:na]
	at java.base/java.lang.reflect.Constructor.newInstanceWithCaller(Constructor.java:499) ~[na:na]
	at java.base/java.lang.reflect.Constructor.newInstance(Constructor.java:480) ~[na:na]
	at com.mysql.cj.exceptions.ExceptionFactory.createException(ExceptionFactory.java:52) ~[mysql-connector-j-9.1.0.jar:9.1.0]
	at com.mysql.cj.exceptions.ExceptionFactory.createException(ExceptionFactory.java:95) ~[mysql-connector-j-9.1.0.jar:9.1.0]
	at com.mysql.cj.exceptions.ExceptionFactory.createException(ExceptionFactory.java:140) ~[mysql-connector-j-9.1.0.jar:9.1.0]
	at com.mysql.cj.exceptions.ExceptionFactory.createCommunicationsException(ExceptionFactory.java:156) ~[mysql-connector-j-9.1.0.jar:9.1.0]
	at com.mysql.cj.protocol.a.NativeSocketConnection.connect(NativeSocketConnection.java:79) ~[mysql-connector-j-9.1.0.jar:9.1.0]
	at com.mysql.cj.NativeSession.connect(NativeSession.java:142) ~[mysql-connector-j-9.1.0.jar:9.1.0]
	at com.mysql.cj.jdbc.ConnectionImpl.connectOneTryOnly(ConnectionImpl.java:961) ~[mysql-connector-j-9.1.0.jar:9.1.0]
	at com.mysql.cj.jdbc.ConnectionImpl.createNewIO(ConnectionImpl.java:825) ~[mysql-connector-j-9.1.0.jar:9.1.0]
	... 48 common frames omitted
Caused by: java.net.UnknownHostException: mysql-cdy2203: nodename nor servname provided, or not known
	at java.base/java.net.Inet6AddressImpl.lookupAllHostAddr(Native Method) ~[na:na]
	at java.base/java.net.InetAddress$PlatformNameService.lookupAllHostAddr(InetAddress.java:934) ~[na:na]
	at java.base/java.net.InetAddress.getAddressesFromNameService(InetAddress.java:1543) ~[na:na]
	at java.base/java.net.InetAddress$NameServiceAddresses.get(InetAddress.java:852) ~[na:na]
	at java.base/java.net.InetAddress.getAllByName0(InetAddress.java:1533) ~[na:na]
	at java.base/java.net.InetAddress.getAllByName(InetAddress.java:1385) ~[na:na]
	at java.base/java.net.InetAddress.getAllByName(InetAddress.java:1306) ~[na:na]
	at com.mysql.cj.protocol.StandardSocketFactory.connect(StandardSocketFactory.java:121) ~[mysql-connector-j-9.1.0.jar:9.1.0]
	at com.mysql.cj.protocol.a.NativeSocketConnection.connect(NativeSocketConnection.java:53) ~[mysql-connector-j-9.1.0.jar:9.1.0]
	... 51 common frames omitted

2025-04-20T17:28:20.602-04:00  WARN 9539 --- [backend] [main] org.hibernate.orm.deprecation            : HHH90000025: MySQL8Dialect does not need to be specified explicitly using 'hibernate.dialect' (remove the property setting and it will be selected by default)
2025-04-20T17:28:20.603-04:00 DEBUG 9539 --- [backend] [main] org.hibernate.orm.dialect                : HHH035001: Using dialect: org.hibernate.dialect.MySQL8Dialect, version: 8.0
2025-04-20T17:28:20.604-04:00  WARN 9539 --- [backend] [main] org.hibernate.orm.deprecation            : HHH90000026: MySQL8Dialect has been deprecated; use org.hibernate.dialect.MySQLDialect instead
2025-04-20T17:28:20.606-04:00 DEBUG 9539 --- [backend] [main] o.h.e.j.env.spi.IdentifierHelperBuilder  : IdentifierCaseStrategy for both quoted and unquoted identifiers was set to the same strategy [MIXED]; that will likely lead to problems in schema update and validation if using quoted identifiers
2025-04-20T17:28:20.608-04:00 TRACE 9539 --- [backend] [main] .e.j.e.i.NormalizingIdentifierHelperImpl : Normalizing identifier quoting [null]
2025-04-20T17:28:20.609-04:00 DEBUG 9539 --- [backend] [main] org.hibernate.orm.jdbc.lob               : HHH10010002: Disabling contextual LOB creation as connection was null
2025-04-20T17:28:20.610-04:00 TRACE 9539 --- [backend] [main] o.h.s.i.AbstractServiceRegistryImpl      : Initializing service [role=org.hibernate.engine.jdbc.connections.spi.MultiTenantConnectionProvider]
2025-04-20T17:28:20.614-04:00  INFO 9539 --- [backend] [main] org.hibernate.orm.connections.pooling    : HHH10001005: Database info:
	Database JDBC URL [Connecting through datasource 'HikariDataSource (null)']
	Database driver: undefined/unknown
	Database version: 8.0
	Autocommit mode: undefined/unknown
	Isolation level: undefined/unknown
	Minimum pool size: undefined/unknown
	Maximum pool size: undefined/unknown
2025-04-20T17:28:20.614-04:00 TRACE 9539 --- [backend] [main] o.h.s.i.AbstractServiceRegistryImpl      : Initializing service [role=org.hibernate.engine.jdbc.spi.JdbcServices]
2025-04-20T17:28:20.614-04:00 TRACE 9539 --- [backend] [main] o.h.s.i.AbstractServiceRegistryImpl      : Initializing service [role=org.hibernate.engine.jdbc.spi.SqlStatementLogger]
2025-04-20T17:28:20.615-04:00 TRACE 9539 --- [backend] [main] o.h.s.i.AbstractServiceRegistryImpl      : Initializing service [role=org.hibernate.sql.ast.spi.ParameterMarkerStrategy]
2025-04-20T17:28:20.621-04:00 DEBUG 9539 --- [backend] [main] o.h.t.d.sql.spi.DdlTypeRegistry          : addDescriptor(12, org.hibernate.type.descriptor.sql.internal.CapacityDependentDdlType@9f1ca74) replaced previous registration(org.hibernate.type.descriptor.sql.internal.CapacityDependentDdlType@67b8d45)
2025-04-20T17:28:20.621-04:00 DEBUG 9539 --- [backend] [main] o.h.t.d.sql.spi.DdlTypeRegistry          : addDescriptor(-9, org.hibernate.type.descriptor.sql.internal.CapacityDependentDdlType@365e65bb) replaced previous registration(org.hibernate.type.descriptor.sql.internal.CapacityDependentDdlType@52f43225)
2025-04-20T17:28:20.621-04:00 DEBUG 9539 --- [backend] [main] o.h.t.d.sql.spi.DdlTypeRegistry          : addDescriptor(-3, org.hibernate.type.descriptor.sql.internal.CapacityDependentDdlType@55d1f065) replaced previous registration(org.hibernate.type.descriptor.sql.internal.CapacityDependentDdlType@f9a5e3f)
2025-04-20T17:28:20.621-04:00 DEBUG 9539 --- [backend] [main] o.h.t.d.sql.spi.DdlTypeRegistry          : addDescriptor(4003, org.hibernate.type.descriptor.sql.internal.DdlTypeImpl@4aac81ca) replaced previous registration(org.hibernate.type.descriptor.sql.internal.DdlTypeImpl@393ae7a0)
2025-04-20T17:28:20.621-04:00 DEBUG 9539 --- [backend] [main] o.h.t.d.sql.spi.DdlTypeRegistry          : addDescriptor(4001, org.hibernate.type.descriptor.sql.internal.DdlTypeImpl@63326a3a) replaced previous registration(org.hibernate.type.descriptor.sql.internal.DdlTypeImpl@3e04abc5)
2025-04-20T17:28:20.622-04:00 DEBUG 9539 --- [backend] [main] o.h.t.d.sql.spi.DdlTypeRegistry          : addDescriptor(4002, org.hibernate.type.descriptor.sql.internal.DdlTypeImpl@1008df1e) replaced previous registration(org.hibernate.type.descriptor.sql.internal.DdlTypeImpl@7ee12d58)
2025-04-20T17:28:20.622-04:00 DEBUG 9539 --- [backend] [main] o.h.t.d.sql.spi.DdlTypeRegistry          : addDescriptor(2004, org.hibernate.type.descriptor.sql.internal.CapacityDependentDdlType@e72fb04) replaced previous registration(org.hibernate.type.descriptor.sql.internal.DdlTypeImpl@1533338c)
2025-04-20T17:28:20.622-04:00 DEBUG 9539 --- [backend] [main] o.h.t.d.sql.spi.DdlTypeRegistry          : addDescriptor(2005, org.hibernate.type.descriptor.sql.internal.CapacityDependentDdlType@4315fe1b) replaced previous registration(org.hibernate.type.descriptor.sql.internal.DdlTypeImpl@34e990cc)
2025-04-20T17:28:20.622-04:00 DEBUG 9539 --- [backend] [main] o.h.t.d.sql.spi.DdlTypeRegistry          : addDescriptor(2011, org.hibernate.type.descriptor.sql.internal.CapacityDependentDdlType@2d5ae78e) replaced previous registration(org.hibernate.type.descriptor.sql.internal.DdlTypeImpl@21f91efa)
2025-04-20T17:28:20.623-04:00 DEBUG 9539 --- [backend] [main] o.h.t.d.jdbc.spi.JdbcTypeRegistry        : addDescriptor(NCharTypeDescriptor) replaced previous registration(CharTypeDescriptor)
2025-04-20T17:28:20.623-04:00 DEBUG 9539 --- [backend] [main] o.h.t.d.jdbc.spi.JdbcTypeRegistry        : addDescriptor(NVarcharTypeDescriptor) replaced previous registration(VarcharTypeDescriptor)
2025-04-20T17:28:20.623-04:00 DEBUG 9539 --- [backend] [main] o.h.t.d.jdbc.spi.JdbcTypeRegistry        : addDescriptor(LongNVarcharTypeDescriptor) replaced previous registration(LongVarcharTypeDescriptor)
2025-04-20T17:28:20.625-04:00 DEBUG 9539 --- [backend] [main] o.h.t.d.jdbc.spi.JdbcTypeRegistry        : addDescriptor(NClobTypeDescriptor(DEFAULT)) replaced previous registration(ClobTypeDescriptor(DEFAULT))
2025-04-20T17:28:20.627-04:00 DEBUG 9539 --- [backend] [main] org.hibernate.type.BasicTypeRegistry     : Adding type registration null -> org.hibernate.type.NullType@7ab1ad9
2025-04-20T17:28:20.627-04:00 DEBUG 9539 --- [backend] [main] org.hibernate.type.BasicTypeRegistry     : Type registration key [null] overrode previous entry : `org.hibernate.type.NullType@54495935`
2025-04-20T17:28:20.629-04:00 DEBUG 9539 --- [backend] [main] org.hibernate.type.BasicTypeRegistry     : Adding type registration org.hibernate.type.DurationType -> basicType@1(java.time.Duration,3015)
2025-04-20T17:28:20.629-04:00 DEBUG 9539 --- [backend] [main] org.hibernate.type.BasicTypeRegistry     : Adding type registration Duration -> basicType@1(java.time.Duration,3015)
2025-04-20T17:28:20.629-04:00 DEBUG 9539 --- [backend] [main] org.hibernate.type.BasicTypeRegistry     : Adding type registration java.time.Duration -> basicType@1(java.time.Duration,3015)
2025-04-20T17:28:20.631-04:00 DEBUG 9539 --- [backend] [main] org.hibernate.type.BasicTypeRegistry     : Adding type registration org.hibernate.type.OffsetDateTimeType -> basicType@2(java.time.OffsetDateTime,3003)
2025-04-20T17:28:20.631-04:00 DEBUG 9539 --- [backend] [main] org.hibernate.type.BasicTypeRegistry     : Adding type registration OffsetDateTime -> basicType@2(java.time.OffsetDateTime,3003)
2025-04-20T17:28:20.631-04:00 DEBUG 9539 --- [backend] [main] org.hibernate.type.BasicTypeRegistry     : Adding type registration java.time.OffsetDateTime -> basicType@2(java.time.OffsetDateTime,3003)
2025-04-20T17:28:20.631-04:00 DEBUG 9539 --- [backend] [main] org.hibernate.type.BasicTypeRegistry     : Adding type registration org.hibernate.type.ZonedDateTimeType -> basicType@3(java.time.ZonedDateTime,3003)
2025-04-20T17:28:20.631-04:00 DEBUG 9539 --- [backend] [main] org.hibernate.type.BasicTypeRegistry     : Adding type registration ZonedDateTime -> basicType@3(java.time.ZonedDateTime,3003)
2025-04-20T17:28:20.631-04:00 DEBUG 9539 --- [backend] [main] org.hibernate.type.BasicTypeRegistry     : Adding type registration java.time.ZonedDateTime -> basicType@3(java.time.ZonedDateTime,3003)
2025-04-20T17:28:20.631-04:00 DEBUG 9539 --- [backend] [main] org.hibernate.type.BasicTypeRegistry     : Adding type registration org.hibernate.type.OffsetTimeType -> basicType@4(java.time.OffsetTime,3007)
2025-04-20T17:28:20.631-04:00 DEBUG 9539 --- [backend] [main] org.hibernate.type.BasicTypeRegistry     : Adding type registration OffsetTime -> basicType@4(java.time.OffsetTime,3007)
2025-04-20T17:28:20.631-04:00 DEBUG 9539 --- [backend] [main] org.hibernate.type.BasicTypeRegistry     : Adding type registration java.time.OffsetTime -> basicType@4(java.time.OffsetTime,3007)
2025-04-20T17:28:20.632-04:00 DEBUG 9539 --- [backend] [main] o.h.type.spi.TypeConfiguration$Scope     : Scoping TypeConfiguration [org.hibernate.type.spi.TypeConfiguration@704c3bdf] to MetadataBuildingContext [org.hibernate.boot.internal.MetadataBuildingContextRootImpl@37986daf]
2025-04-20T17:28:20.651-04:00 DEBUG 9539 --- [backend] [main] o.h.boot.model.relational.Namespace      : Created database namespace [logicalName=Name{catalog=null, schema=null}, physicalName=Name{catalog=null, schema=null}]
2025-04-20T17:28:20.663-04:00 DEBUG 9539 --- [backend] [main] o.h.boot.model.internal.EntityBinder     : Binding entity from annotated class: com.duoc.backend.Care.Care
2025-04-20T17:28:20.665-04:00 DEBUG 9539 --- [backend] [main] o.h.boot.model.internal.EntityBinder     : Import with entity name Care
2025-04-20T17:28:20.665-04:00 TRACE 9539 --- [backend] [main] o.h.b.i.InFlightMetadataCollectorImpl    : Import: Care -> com.duoc.backend.Care.Care
2025-04-20T17:28:20.665-04:00 TRACE 9539 --- [backend] [main] o.h.b.i.InFlightMetadataCollectorImpl    : Import: com.duoc.backend.Care.Care -> com.duoc.backend.Care.Care
2025-04-20T17:28:20.666-04:00 TRACE 9539 --- [backend] [main] .e.j.e.i.NormalizingIdentifierHelperImpl : Normalizing identifier quoting [Care]
2025-04-20T17:28:20.667-04:00 TRACE 9539 --- [backend] [main] .e.j.e.i.NormalizingIdentifierHelperImpl : Normalizing identifier quoting [Care]
2025-04-20T17:28:20.669-04:00 DEBUG 9539 --- [backend] [main] o.h.boot.model.internal.EntityBinder     : Bind entity com.duoc.backend.Care.Care on table care
2025-04-20T17:28:20.673-04:00 TRACE 9539 --- [backend] [main] .e.j.e.i.NormalizingIdentifierHelperImpl : Normalizing identifier quoting [DTYPE]
2025-04-20T17:28:20.673-04:00 DEBUG 9539 --- [backend] [main] o.h.boot.model.internal.AnnotatedColumn  : Binding column: AnnotatedDiscriminatorColumn(column='DTYPE')
2025-04-20T17:28:20.677-04:00 TRACE 9539 --- [backend] [main] o.h.boot.model.internal.PropertyBinder   : Processing annotations of com.duoc.backend.Care.Care.id
2025-04-20T17:28:20.679-04:00 TRACE 9539 --- [backend] [main] .e.j.e.i.NormalizingIdentifierHelperImpl : Normalizing identifier quoting [id]
2025-04-20T17:28:20.679-04:00 TRACE 9539 --- [backend] [main] .e.j.e.i.NormalizingIdentifierHelperImpl : Normalizing identifier quoting [id]
2025-04-20T17:28:20.679-04:00 DEBUG 9539 --- [backend] [main] o.h.boot.model.internal.AnnotatedColumn  : Binding column: AnnotatedColumn()
2025-04-20T17:28:20.679-04:00 DEBUG 9539 --- [backend] [main] o.h.boot.internal.ClassLoaderAccessImpl  : Not known whether passed class name [com.duoc.backend.Care.Care] is safe
2025-04-20T17:28:20.679-04:00 DEBUG 9539 --- [backend] [main] o.h.boot.internal.ClassLoaderAccessImpl  : No temp ClassLoader provided; using live ClassLoader for loading potentially unsafe class : com.duoc.backend.Care.Care
2025-04-20T17:28:20.680-04:00 DEBUG 9539 --- [backend] [main] o.h.boot.model.internal.PropertyBinder   : MetadataSourceProcessor property id with lazy=false
2025-04-20T17:28:20.682-04:00 DEBUG 9539 --- [backend] [main] o.h.b.m.internal.AbstractPropertyHolder  : Attempting to locate auto-apply AttributeConverter for property [com.duoc.backend.Care.Care:id]
2025-04-20T17:28:20.684-04:00 DEBUG 9539 --- [backend] [main] o.h.b.model.internal.BasicValueBinder    : building BasicValue for id
2025-04-20T17:28:20.686-04:00 DEBUG 9539 --- [backend] [main] org.hibernate.mapping.BasicValue         : Skipping column re-registration: care.id
2025-04-20T17:28:20.686-04:00 TRACE 9539 --- [backend] [main] .e.j.e.i.NormalizingIdentifierHelperImpl : Normalizing identifier quoting [id]
2025-04-20T17:28:20.686-04:00 TRACE 9539 --- [backend] [main] .e.j.e.i.NormalizingIdentifierHelperImpl : Normalizing identifier quoting [id]
2025-04-20T17:28:20.686-04:00 TRACE 9539 --- [backend] [main] .e.j.e.i.NormalizingIdentifierHelperImpl : Normalizing identifier quoting [id]
2025-04-20T17:28:20.686-04:00 DEBUG 9539 --- [backend] [main] o.h.boot.model.internal.PropertyBinder   : Building property id
2025-04-20T17:28:20.687-04:00 TRACE 9539 --- [backend] [main] o.h.boot.model.internal.PropertyBinder   : Cascading id with null
2025-04-20T17:28:20.688-04:00 DEBUG 9539 --- [backend] [main] o.h.boot.model.internal.BinderHelper     : #makeIdGenerator(BasicValue([Column(id)]), id, org.hibernate.id.enhanced.SequenceStyleGenerator, , ...)
2025-04-20T17:28:20.688-04:00 TRACE 9539 --- [backend] [main] o.h.boot.model.internal.PropertyBinder   : Bind @Id on id
2025-04-20T17:28:20.688-04:00 TRACE 9539 --- [backend] [main] o.h.boot.model.internal.PropertyBinder   : Processing annotations of com.duoc.backend.Care.Care.cost
2025-04-20T17:28:20.689-04:00 TRACE 9539 --- [backend] [main] .e.j.e.i.NormalizingIdentifierHelperImpl : Normalizing identifier quoting [cost]
2025-04-20T17:28:20.689-04:00 TRACE 9539 --- [backend] [main] .e.j.e.i.NormalizingIdentifierHelperImpl : Normalizing identifier quoting [cost]
2025-04-20T17:28:20.689-04:00 DEBUG 9539 --- [backend] [main] o.h.boot.model.internal.AnnotatedColumn  : Binding column: AnnotatedColumn()
2025-04-20T17:28:20.689-04:00 DEBUG 9539 --- [backend] [main] o.h.boot.model.internal.PropertyBinder   : MetadataSourceProcessor property cost with lazy=false
2025-04-20T17:28:20.689-04:00 DEBUG 9539 --- [backend] [main] o.h.b.m.internal.AbstractPropertyHolder  : Attempting to locate auto-apply AttributeConverter for property [com.duoc.backend.Care.Care:cost]
2025-04-20T17:28:20.689-04:00 DEBUG 9539 --- [backend] [main] o.h.b.model.internal.BasicValueBinder    : building BasicValue for cost
2025-04-20T17:28:20.689-04:00 DEBUG 9539 --- [backend] [main] org.hibernate.mapping.BasicValue         : Skipping column re-registration: care.cost
2025-04-20T17:28:20.689-04:00 TRACE 9539 --- [backend] [main] .e.j.e.i.NormalizingIdentifierHelperImpl : Normalizing identifier quoting [cost]
2025-04-20T17:28:20.689-04:00 TRACE 9539 --- [backend] [main] .e.j.e.i.NormalizingIdentifierHelperImpl : Normalizing identifier quoting [cost]
2025-04-20T17:28:20.689-04:00 TRACE 9539 --- [backend] [main] .e.j.e.i.NormalizingIdentifierHelperImpl : Normalizing identifier quoting [cost]
2025-04-20T17:28:20.689-04:00 DEBUG 9539 --- [backend] [main] o.h.boot.model.internal.PropertyBinder   : Building property cost
2025-04-20T17:28:20.689-04:00 TRACE 9539 --- [backend] [main] o.h.boot.model.internal.PropertyBinder   : Cascading cost with null
2025-04-20T17:28:20.689-04:00 TRACE 9539 --- [backend] [main] o.h.boot.model.internal.PropertyBinder   : Processing annotations of com.duoc.backend.Care.Care.name
2025-04-20T17:28:20.689-04:00 TRACE 9539 --- [backend] [main] .e.j.e.i.NormalizingIdentifierHelperImpl : Normalizing identifier quoting [name]
2025-04-20T17:28:20.689-04:00 TRACE 9539 --- [backend] [main] .e.j.e.i.NormalizingIdentifierHelperImpl : Normalizing identifier quoting [name]
2025-04-20T17:28:20.689-04:00 DEBUG 9539 --- [backend] [main] o.h.boot.model.internal.AnnotatedColumn  : Binding column: AnnotatedColumn()
2025-04-20T17:28:20.689-04:00 DEBUG 9539 --- [backend] [main] o.h.boot.model.internal.PropertyBinder   : MetadataSourceProcessor property name with lazy=false
2025-04-20T17:28:20.689-04:00 DEBUG 9539 --- [backend] [main] o.h.b.m.internal.AbstractPropertyHolder  : Attempting to locate auto-apply AttributeConverter for property [com.duoc.backend.Care.Care:name]
2025-04-20T17:28:20.689-04:00 DEBUG 9539 --- [backend] [main] o.h.b.model.internal.BasicValueBinder    : building BasicValue for name
2025-04-20T17:28:20.689-04:00 DEBUG 9539 --- [backend] [main] org.hibernate.mapping.BasicValue         : Skipping column re-registration: care.name
2025-04-20T17:28:20.689-04:00 TRACE 9539 --- [backend] [main] .e.j.e.i.NormalizingIdentifierHelperImpl : Normalizing identifier quoting [name]
2025-04-20T17:28:20.689-04:00 TRACE 9539 --- [backend] [main] .e.j.e.i.NormalizingIdentifierHelperImpl : Normalizing identifier quoting [name]
2025-04-20T17:28:20.689-04:00 TRACE 9539 --- [backend] [main] .e.j.e.i.NormalizingIdentifierHelperImpl : Normalizing identifier quoting [name]
2025-04-20T17:28:20.689-04:00 DEBUG 9539 --- [backend] [main] o.h.boot.model.internal.PropertyBinder   : Building property name
2025-04-20T17:28:20.689-04:00 TRACE 9539 --- [backend] [main] o.h.boot.model.internal.PropertyBinder   : Cascading name with null
2025-04-20T17:28:20.690-04:00 DEBUG 9539 --- [backend] [main] o.h.b.r.c.i.ClassLoaderServiceImpl       : HHH000194: Package not found or no package-info.java: com.duoc.backend.Care
2025-04-20T17:28:20.692-04:00 DEBUG 9539 --- [backend] [main] o.h.boot.model.internal.EntityBinder     : Binding entity from annotated class: com.duoc.backend.Invoice.Invoice
2025-04-20T17:28:20.692-04:00 DEBUG 9539 --- [backend] [main] o.h.boot.model.internal.EntityBinder     : Import with entity name Invoice
2025-04-20T17:28:20.692-04:00 TRACE 9539 --- [backend] [main] o.h.b.i.InFlightMetadataCollectorImpl    : Import: Invoice -> com.duoc.backend.Invoice.Invoice
2025-04-20T17:28:20.692-04:00 TRACE 9539 --- [backend] [main] o.h.b.i.InFlightMetadataCollectorImpl    : Import: com.duoc.backend.Invoice.Invoice -> com.duoc.backend.Invoice.Invoice
2025-04-20T17:28:20.692-04:00 TRACE 9539 --- [backend] [main] .e.j.e.i.NormalizingIdentifierHelperImpl : Normalizing identifier quoting [Invoice]
2025-04-20T17:28:20.692-04:00 TRACE 9539 --- [backend] [main] .e.j.e.i.NormalizingIdentifierHelperImpl : Normalizing identifier quoting [Invoice]
2025-04-20T17:28:20.692-04:00 DEBUG 9539 --- [backend] [main] o.h.boot.model.internal.EntityBinder     : Bind entity com.duoc.backend.Invoice.Invoice on table invoice
2025-04-20T17:28:20.693-04:00 TRACE 9539 --- [backend] [main] .e.j.e.i.NormalizingIdentifierHelperImpl : Normalizing identifier quoting [DTYPE]
2025-04-20T17:28:20.693-04:00 DEBUG 9539 --- [backend] [main] o.h.boot.model.internal.AnnotatedColumn  : Binding column: AnnotatedDiscriminatorColumn(column='DTYPE')
2025-04-20T17:28:20.693-04:00 DEBUG 9539 --- [backend] [main] o.hibernate.service.spi.ServiceBinding   : Overriding existing service binding [org.hibernate.engine.jdbc.connections.spi.ConnectionProvider]
2025-04-20T17:28:20.693-04:00  WARN 9539 --- [backend] [main] ConfigServletWebServerApplicationContext : Exception encountered during context initialization - cancelling refresh attempt: org.springframework.beans.factory.BeanCreationException: Error creating bean with name 'entityManagerFactory' defined in class path resource [org/springframework/boot/autoconfigure/orm/jpa/HibernateJpaConfiguration.class]: Type Care not present
2025-04-20T17:28:20.695-04:00  INFO 9539 --- [backend] [main] o.apache.catalina.core.StandardService   : Stopping service [Tomcat]
2025-04-20T17:28:20.702-04:00  INFO 9539 --- [backend] [main] .s.b.a.l.ConditionEvaluationReportLogger : 

Error starting ApplicationContext. To display the condition evaluation report re-run your application with 'debug' enabled.
2025-04-20T17:28:20.709-04:00 ERROR 9539 --- [backend] [main] o.s.boot.SpringApplication               : Application run failed

org.springframework.beans.factory.BeanCreationException: Error creating bean with name 'entityManagerFactory' defined in class path resource [org/springframework/boot/autoconfigure/orm/jpa/HibernateJpaConfiguration.class]: Type Care not present
	at org.springframework.beans.factory.support.AbstractAutowireCapableBeanFactory.initializeBean(AbstractAutowireCapableBeanFactory.java:1812) ~[spring-beans-6.2.5.jar:6.2.5]
	at org.springframework.beans.factory.support.AbstractAutowireCapableBeanFactory.doCreateBean(AbstractAutowireCapableBeanFactory.java:601) ~[spring-beans-6.2.5.jar:6.2.5]
	at org.springframework.beans.factory.support.AbstractAutowireCapableBeanFactory.createBean(AbstractAutowireCapableBeanFactory.java:523) ~[spring-beans-6.2.5.jar:6.2.5]
	at org.springframework.beans.factory.support.AbstractBeanFactory.lambda$doGetBean$0(AbstractBeanFactory.java:339) ~[spring-beans-6.2.5.jar:6.2.5]
	at org.springframework.beans.factory.support.DefaultSingletonBeanRegistry.getSingleton(DefaultSingletonBeanRegistry.java:347) ~[spring-beans-6.2.5.jar:6.2.5]
	at org.springframework.beans.factory.support.AbstractBeanFactory.doGetBean(AbstractBeanFactory.java:337) ~[spring-beans-6.2.5.jar:6.2.5]
	at org.springframework.beans.factory.support.AbstractBeanFactory.getBean(AbstractBeanFactory.java:207) ~[spring-beans-6.2.5.jar:6.2.5]
	at org.springframework.context.support.AbstractApplicationContext.finishBeanFactoryInitialization(AbstractApplicationContext.java:970) ~[spring-context-6.2.5.jar:6.2.5]
	at org.springframework.context.support.AbstractApplicationContext.refresh(AbstractApplicationContext.java:627) ~[spring-context-6.2.5.jar:6.2.5]
	at org.springframework.boot.web.servlet.context.ServletWebServerApplicationContext.refresh(ServletWebServerApplicationContext.java:146) ~[spring-boot-3.4.4.jar:3.4.4]
	at org.springframework.boot.SpringApplication.refresh(SpringApplication.java:752) ~[spring-boot-3.4.4.jar:3.4.4]
	at org.springframework.boot.SpringApplication.refreshContext(SpringApplication.java:439) ~[spring-boot-3.4.4.jar:3.4.4]
	at org.springframework.boot.SpringApplication.run(SpringApplication.java:318) ~[spring-boot-3.4.4.jar:3.4.4]
	at org.springframework.boot.SpringApplication.run(SpringApplication.java:1361) ~[spring-boot-3.4.4.jar:3.4.4]
	at org.springframework.boot.SpringApplication.run(SpringApplication.java:1350) ~[spring-boot-3.4.4.jar:3.4.4]
	at com.duoc.backend.BackendApplication.main(BackendApplication.java:10) ~[classes/:na]
Caused by: java.lang.TypeNotPresentException: Type Care not present
	at java.base/sun.reflect.generics.factory.CoreReflectionFactory.makeNamedType(CoreReflectionFactory.java:117) ~[na:na]
	at java.base/sun.reflect.generics.visitor.Reifier.visitClassTypeSignature(Reifier.java:125) ~[na:na]
	at java.base/sun.reflect.generics.tree.ClassTypeSignature.accept(ClassTypeSignature.java:49) ~[na:na]
	at java.base/sun.reflect.generics.visitor.Reifier.reifyTypeArguments(Reifier.java:68) ~[na:na]
	at java.base/sun.reflect.generics.visitor.Reifier.visitClassTypeSignature(Reifier.java:138) ~[na:na]
	at java.base/sun.reflect.generics.tree.ClassTypeSignature.accept(ClassTypeSignature.java:49) ~[na:na]
	at java.base/sun.reflect.generics.repository.MethodRepository.computeReturnType(MethodRepository.java:75) ~[na:na]
	at java.base/sun.reflect.generics.repository.MethodRepository.getReturnType(MethodRepository.java:66) ~[na:na]
	at java.base/java.lang.reflect.Method.getGenericReturnType(Method.java:295) ~[na:na]
	at org.hibernate.annotations.common.reflection.java.JavaXClass.getDeclaredMethodProperties(JavaXClass.java:136) ~[hibernate-commons-annotations-7.0.3.Final.jar:7.0.3.Final]
	at org.hibernate.annotations.common.reflection.java.JavaXClass.getDeclaredProperties(JavaXClass.java:172) ~[hibernate-commons-annotations-7.0.3.Final.jar:7.0.3.Final]
	at org.hibernate.annotations.common.reflection.java.JavaXClass.getDeclaredProperties(JavaXClass.java:164) ~[hibernate-commons-annotations-7.0.3.Final.jar:7.0.3.Final]
	at org.hibernate.boot.model.internal.InheritanceState.determineDefaultAccessType(InheritanceState.java:269) ~[hibernate-core-6.6.11.Final.jar:6.6.11.Final]
	at org.hibernate.boot.model.internal.InheritanceState.getElementsToProcess(InheritanceState.java:226) ~[hibernate-core-6.6.11.Final.jar:6.6.11.Final]
	at org.hibernate.boot.model.internal.InheritanceState.postProcess(InheritanceState.java:162) ~[hibernate-core-6.6.11.Final.jar:6.6.11.Final]
	at org.hibernate.boot.model.internal.EntityBinder.handleIdentifier(EntityBinder.java:410) ~[hibernate-core-6.6.11.Final.jar:6.6.11.Final]
	at org.hibernate.boot.model.internal.EntityBinder.bindEntityClass(EntityBinder.java:251) ~[hibernate-core-6.6.11.Final.jar:6.6.11.Final]
	at org.hibernate.boot.model.internal.AnnotationBinder.bindClass(AnnotationBinder.java:401) ~[hibernate-core-6.6.11.Final.jar:6.6.11.Final]
	at org.hibernate.boot.model.source.internal.annotations.AnnotationMetadataSourceProcessorImpl.processEntityHierarchies(AnnotationMetadataSourceProcessorImpl.java:257) ~[hibernate-core-6.6.11.Final.jar:6.6.11.Final]
	at org.hibernate.boot.model.process.spi.MetadataBuildingProcess$1.processEntityHierarchies(MetadataBuildingProcess.java:281) ~[hibernate-core-6.6.11.Final.jar:6.6.11.Final]
	at org.hibernate.boot.model.process.spi.MetadataBuildingProcess.complete(MetadataBuildingProcess.java:324) ~[hibernate-core-6.6.11.Final.jar:6.6.11.Final]
	at org.hibernate.jpa.boot.internal.EntityManagerFactoryBuilderImpl.metadata(EntityManagerFactoryBuilderImpl.java:1442) ~[hibernate-core-6.6.11.Final.jar:6.6.11.Final]
	at org.hibernate.jpa.boot.internal.EntityManagerFactoryBuilderImpl.build(EntityManagerFactoryBuilderImpl.java:1513) ~[hibernate-core-6.6.11.Final.jar:6.6.11.Final]
	at org.springframework.orm.jpa.vendor.SpringHibernateJpaPersistenceProvider.createContainerEntityManagerFactory(SpringHibernateJpaPersistenceProvider.java:66) ~[spring-orm-6.2.5.jar:6.2.5]
	at org.springframework.orm.jpa.LocalContainerEntityManagerFactoryBean.createNativeEntityManagerFactory(LocalContainerEntityManagerFactoryBean.java:390) ~[spring-orm-6.2.5.jar:6.2.5]
	at org.springframework.orm.jpa.AbstractEntityManagerFactoryBean.buildNativeEntityManagerFactory(AbstractEntityManagerFactoryBean.java:419) ~[spring-orm-6.2.5.jar:6.2.5]
	at org.springframework.orm.jpa.AbstractEntityManagerFactoryBean.afterPropertiesSet(AbstractEntityManagerFactoryBean.java:400) ~[spring-orm-6.2.5.jar:6.2.5]
	at org.springframework.orm.jpa.LocalContainerEntityManagerFactoryBean.afterPropertiesSet(LocalContainerEntityManagerFactoryBean.java:366) ~[spring-orm-6.2.5.jar:6.2.5]
	at org.springframework.beans.factory.support.AbstractAutowireCapableBeanFactory.invokeInitMethods(AbstractAutowireCapableBeanFactory.java:1859) ~[spring-beans-6.2.5.jar:6.2.5]
	at org.springframework.beans.factory.support.AbstractAutowireCapableBeanFactory.initializeBean(AbstractAutowireCapableBeanFactory.java:1808) ~[spring-beans-6.2.5.jar:6.2.5]
	... 15 common frames omitted
Caused by: java.lang.ClassNotFoundException: Care
	at java.base/jdk.internal.loader.BuiltinClassLoader.loadClass(BuiltinClassLoader.java:641) ~[na:na]
	at java.base/jdk.internal.loader.ClassLoaders$AppClassLoader.loadClass(ClassLoaders.java:188) ~[na:na]
	at java.base/java.lang.ClassLoader.loadClass(ClassLoader.java:520) ~[na:na]
	at java.base/java.lang.Class.forName0(Native Method) ~[na:na]
	at java.base/java.lang.Class.forName(Class.java:467) ~[na:na]
	at java.base/sun.reflect.generics.factory.CoreReflectionFactory.makeNamedType(CoreReflectionFactory.java:114) ~[na:na]
	... 44 common frames omitted

